subscription_id,customer_id,subscription_type,start_date,status,selected_boxes
1,1,SUBMEDIUM,2024-02-21,active,"[""ITAA"", ""GRCAA"", ""IDN25"", ""MEX25""]"
2,2,SUBSMALL,2023-10-24,active,"[""TWN25"", ""CZE25"", ""IDN25"", ""MEX25""]"
3,3,SUBSMALL,2024-06-20,active,"[""TWN25"", ""CZE25"", ""IDN25"", ""MEX25""]"
4,4,SUBLARGE,2025-01-16,active,"[""GRCAA"", ""GRCAA"", ""ITAA"", ""KORAA""]"
5,5,SUBSMALL,2023-05-27,active,"[""TWN25"", ""CZE25"", ""IDN25"", ""MEX25""]"
6,6,SUBMEDIUM,2024-11-17,active,"[""TWN25"", ""CZE25"", ""IDN25"", ""MEX25""]"
7,7,SUBSMALL,2023-08-25,active,"[""TWN25"", ""GRCAA"", ""KORAA"", ""KORAA""]"
8,8,SUBSMALL,2023-12-23,active,"[""ITAA"", ""ITAA"", ""ITAA"", ""KORAA""]"
9,9,SUBSMALL,2024-01-22,active,"[""ITAA"", ""KORAA"", ""KORAA"", ""ITAA""]"
10,10,SUBMEDIUM,2024-05-21,active,"[""TWN25"", ""CZE25"", ""IDN25"", ""MEX25""]"
11,11,SUBMEDIUM,2025-02-15,active,"[""TWN25"", ""ITAA"", ""ITAA"", ""MEX25""]"
12,12,SUBMEDIUM,2023-11-23,active,"[""TWN25"", ""CZE25"", ""IDN25"", ""MEX25""]"
13,13,SUBLARGE,2024-03-22,active,"[""KORAA"", ""KORAA"", ""IDN25"", ""KORAA""]"
14,14,SUBSMALL,2023-09-24,active,"[""GRCAA"", ""ITAA"", ""GRCAA"", ""ITAA""]"
15,15,SUBMEDIUM,2024-09-18,active,"[""TWN25"", ""CZE25"", ""IDN25"", ""MEX25""]"
16,16,SUBSMALL,2024-03-22,active,"[""TWN25"", ""GRCAA"", ""KORAA"", ""GRCAA""]"
17,17,SUBMEDIUM,2024-11-17,active,"[""TWN25"", ""CZE25"", ""IDN25"", ""MEX25""]"
18,18,SUBSMALL,2025-01-16,active,"[""KORAA"", ""CZE25"", ""ITAA"", ""KORAA""]"
19,19,SUBMEDIUM,2025-03-17,active,"[""KORAA"", ""KORAA"", ""GRCAA"", ""KORAA""]"
20,20,SUBMEDIUM,2024-02-21,active,"[""GRCAA"", ""KORAA"", ""ITAA"", ""GRCAA""]"
21,21,SUBSMALL,2024-09-18,active,"[""TWN25"", ""CZE25"", ""IDN25"", ""MEX25""]"
22,22,SUBMEDIUM,2024-04-21,active,"[""TWN25"", ""CZE25"", ""IDN25"", ""MEX25""]"
23,23,SUBSMALL,2023-08-25,active,"[""GRCAA"", ""KORAA"", ""IDN25"", ""GRCAA""]"
24,24,SUBMEDIUM,2024-04-21,active,"[""TWN25"", ""CZE25"", ""IDN25"", ""MEX25""]"
25,25,SUBSMALL,2024-02-21,active,"[""TWN25"", ""CZE25"", ""IDN25"", ""ITAA""]"
26,26,SUBMEDIUM,2025-04-16,active,"[""TWN25"", ""CZE25"", ""IDN25"", ""MEX25""]"
27,27,SUBSMALL,2023-05-27,active,"[""TWN25"", ""CZE25"", ""IDN25"", ""MEX25""]"
28,28,SUBSMALL,2023-10-24,active,"[""TWN25"", ""GRCAA"", ""ITAA"", ""ITAA""]"
29,29,SUBMEDIUM,2024-12-17,active,"[""KORAA"", ""ITAA"", ""KORAA"", ""MEX25""]"
30,30,SUBLARGE,2024-08-19,active,"[""TWN25"", ""CZE25"", ""IDN25"", ""MEX25""]"
31,31,SUBMEDIUM,2025-03-17,active,"[""TWN25"", ""GRCAA"", ""ITAA"", ""ITAA""]"
32,32,SUBMEDIUM,2024-12-17,active,"[""ITAA"", ""GRCAA"", ""GRCAA"", ""KORAA""]"
33,33,SUBLARGE,2025-04-16,active,"[""ITAA"", ""CZE25"", ""ITAA"", ""KORAA""]"
34,34,SUBMEDIUM,2024-12-17,active,"[""TWN25"", ""CZE25"", ""IDN25"", ""MEX25""]"
35,35,SUBMEDIUM,2024-03-22,active,"[""TWN25"", ""CZE25"", ""IDN25"", ""MEX25""]"
36,36,SUBMEDIUM,2024-08-19,active,"[""ITAA"", ""ITAA"", ""KORAA"", ""KORAA""]"
37,37,SUBMEDIUM,2023-10-24,active,"[""ITAA"", ""GRCAA"", ""ITAA"", ""MEX25""]"
38,38,SUBSMALL,2025-01-16,active,"[""TWN25"", ""CZE25"", ""IDN25"", ""MEX25""]"
39,39,SUBLARGE,2023-06-26,active,"[""ITAA"", ""CZE25"", ""ITAA"", ""ITAA""]"
40,40,SUBSMALL,2024-04-21,active,"[""TWN25"", ""CZE25"", ""IDN25"", ""MEX25""]"
41,41,SUBSMALL,2023-10-24,active,"[""KORAA"", ""GRCAA"", ""KORAA"", ""KORAA""]"
42,42,SUBMEDIUM,2023-08-25,active,"[""TWN25"", ""CZE25"", ""IDN25"", ""MEX25""]"
43,43,SUBLARGE,2024-05-21,active,"[""TWN25"", ""CZE25"", ""IDN25"", ""MEX25""]"
44,44,SUBSMALL,2024-06-20,active,"[""TWN25"", ""CZE25"", ""IDN25"", ""MEX25""]"
45,45,SUBSMALL,2023-06-26,active,"[""TWN25"", ""CZE25"", ""IDN25"", ""MEX25""]"
46,46,SUBLARGE,2024-10-18,active,"[""TWN25"", ""CZE25"", ""IDN25"", ""MEX25""]"
47,47,SUBLARGE,2025-04-16,active,"[""TWN25"", ""CZE25"", ""IDN25"", ""MEX25""]"
48,48,SUBSMALL,2023-09-24,active,"[""TWN25"", ""CZE25"", ""ITAA"", ""ITAA""]"
49,49,SUBSMALL,2024-08-19,active,"[""KORAA"", ""CZE25"", ""IDN25"", ""ITAA""]"
50,50,SUBSMALL,2023-05-27,active,"[""ITAA"", ""ITAA"", ""KORAA"", ""GRCAA""]"
51,51,SUBMEDIUM,2024-08-19,active,"[""TWN25"", ""CZE25"", ""IDN25"", ""MEX25""]"
52,52,SUBMEDIUM,2023-12-23,active,"[""KORAA"", ""GRCAA"", ""GRCAA"", ""KORAA""]"
53,53,SUBMEDIUM,2025-02-15,active,"[""TWN25"", ""CZE25"", ""IDN25"", ""MEX25""]"
54,54,SUBSMALL,2023-12-23,active,"[""GRCAA"", ""CZE25"", ""ITAA"", ""MEX25""]"
55,55,SUBLARGE,2023-07-26,active,"[""TWN25"", ""CZE25"", ""IDN25"", ""MEX25""]"
56,56,SUBSMALL,2025-04-16,active,"[""TWN25"", ""CZE25"", ""IDN25"", ""MEX25""]"
57,57,SUBMEDIUM,2025-03-17,active,"[""TWN25"", ""CZE25"", ""IDN25"", ""MEX25""]"
58,58,SUBMEDIUM,2024-11-17,active,"[""TWN25"", ""CZE25"", ""IDN25"", ""MEX25""]"
59,59,SUBSMALL,2025-01-16,active,"[""ITAA"", ""ITAA"", ""GRCAA"", ""ITAA""]"
60,60,SUBSMALL,2024-11-17,active,"[""TWN25"", ""CZE25"", ""IDN25"", ""MEX25""]"
61,61,SUBMEDIUM,2023-09-24,active,"[""KORAA"", ""KORAA"", ""KORAA"", ""ITAA""]"
62,62,SUBMEDIUM,2024-01-22,active,"[""TWN25"", ""CZE25"", ""IDN25"", ""MEX25""]"
63,63,SUBMEDIUM,2024-11-17,active,"[""GRCAA"", ""CZE25"", ""ITAA"", ""GRCAA""]"
64,64,SUBSMALL,2025-01-16,active,"[""TWN25"", ""CZE25"", ""IDN25"", ""MEX25""]"
65,65,SUBSMALL,2025-02-15,active,"[""ITAA"", ""ITAA"", ""GRCAA"", ""GRCAA""]"
66,66,SUBSMALL,2024-08-19,active,"[""TWN25"", ""GRCAA"", ""GRCAA"", ""ITAA""]"
67,67,SUBLARGE,2025-04-16,active,"[""ITAA"", ""GRCAA"", ""IDN25"", ""MEX25""]"
68,68,SUBSMALL,2024-07-20,active,"[""TWN25"", ""CZE25"", ""IDN25"", ""MEX25""]"
69,69,SUBSMALL,2024-01-22,active,"[""TWN25"", ""CZE25"", ""IDN25"", ""MEX25""]"
70,70,SUBMEDIUM,2023-09-24,active,"[""GRCAA"", ""CZE25"", ""KORAA"", ""MEX25""]"
71,71,SUBSMALL,2024-05-21,active,"[""TWN25"", ""CZE25"", ""GRCAA"", ""ITAA""]"
72,72,SUBSMALL,2024-08-19,active,"[""TWN25"", ""CZE25"", ""IDN25"", ""MEX25""]"
73,73,SUBSMALL,2024-01-22,active,"[""GRCAA"", ""ITAA"", ""GRCAA"", ""GRCAA""]"
74,74,SUBMEDIUM,2025-04-16,active,"[""GRCAA"", ""GRCAA"", ""ITAA"", ""MEX25""]"
75,75,SUBSMALL,2024-11-17,active,"[""TWN25"", ""CZE25"", ""IDN25"", ""MEX25""]"
76,76,SUBMEDIUM,2025-02-15,active,"[""GRCAA"", ""KORAA"", ""IDN25"", ""ITAA""]"
77,77,SUBLARGE,2023-11-23,active,"[""TWN25"", ""CZE25"", ""IDN25"", ""MEX25""]"
78,78,SUBSMALL,2023-11-23,active,"[""TWN25"", ""CZE25"", ""IDN25"", ""MEX25""]"
79,79,SUBMEDIUM,2025-02-15,active,"[""TWN25"", ""CZE25"", ""IDN25"", ""MEX25""]"
80,80,SUBMEDIUM,2024-08-19,active,"[""GRCAA"", ""CZE25"", ""GRCAA"", ""MEX25""]"
81,81,SUBMEDIUM,2024-01-22,active,"[""TWN25"", ""CZE25"", ""IDN25"", ""MEX25""]"
82,82,SUBMEDIUM,2024-09-18,active,"[""ITAA"", ""ITAA"", ""IDN25"", ""GRCAA""]"
83,83,SUBMEDIUM,2024-05-21,active,"[""ITAA"", ""ITAA"", ""KORAA"", ""ITAA""]"
84,84,SUBSMALL,2024-11-17,active,"[""KORAA"", ""CZE25"", ""ITAA"", ""KORAA""]"
85,85,SUBLARGE,2025-03-17,active,"[""TWN25"", ""KORAA"", ""IDN25"", ""GRCAA""]"
86,86,SUBMEDIUM,2025-04-16,active,"[""TWN25"", ""GRCAA"", ""IDN25"", ""GRCAA""]"
87,87,SUBSMALL,2025-02-15,active,"[""TWN25"", ""CZE25"", ""IDN25"", ""MEX25""]"
88,88,SUBMEDIUM,2023-12-23,active,"[""TWN25"", ""CZE25"", ""IDN25"", ""MEX25""]"
89,89,SUBLARGE,2024-03-22,active,"[""TWN25"", ""CZE25"", ""IDN25"", ""MEX25""]"
90,90,SUBLARGE,2025-02-15,active,"[""GRCAA"", ""CZE25"", ""IDN25"", ""GRCAA""]"
91,91,SUBSMALL,2024-03-22,active,"[""TWN25"", ""CZE25"", ""IDN25"", ""MEX25""]"
92,92,SUBLARGE,2025-02-15,active,"[""TWN25"", ""CZE25"", ""IDN25"", ""MEX25""]"
93,93,SUBLARGE,2023-09-24,active,"[""ITAA"", ""CZE25"", ""IDN25"", ""GRCAA""]"
94,94,SUBLARGE,2025-02-15,active,"[""TWN25"", ""CZE25"", ""IDN25"", ""MEX25""]"
95,95,SUBSMALL,2024-07-20,active,"[""TWN25"", ""CZE25"", ""IDN25"", ""MEX25""]"
96,96,SUBLARGE,2025-02-15,active,"[""GRCAA"", ""KORAA"", ""GRCAA"", ""KORAA""]"
97,97,SUBMEDIUM,2023-07-26,active,"[""TWN25"", ""CZE25"", ""IDN25"", ""MEX25""]"
98,98,SUBMEDIUM,2024-07-20,active,"[""TWN25"", ""CZE25"", ""IDN25"", ""MEX25""]"
99,99,SUBLARGE,2023-12-23,active,"[""TWN25"", ""CZE25"", ""IDN25"", ""MEX25""]"
100,100,SUBMEDIUM,2024-08-19,active,"[""ITAA"", ""KORAA"", ""GRCAA"", ""ITAA""]"
101,101,SUBSMALL,2023-06-26,active,"[""KORAA"", ""ITAA"", ""KORAA"", ""MEX25""]"
102,102,SUBMEDIUM,2024-10-18,active,"[""TWN25"", ""GRCAA"", ""IDN25"", ""GRCAA""]"
103,103,SUBMEDIUM,2024-03-22,active,"[""GRCAA"", ""KORAA"", ""GRCAA"", ""ITAA""]"
104,104,SUBSMALL,2025-03-17,active,"[""TWN25"", ""CZE25"", ""IDN25"", ""MEX25""]"
105,105,SUBSMALL,2023-06-26,active,"[""ITAA"", ""KORAA"", ""ITAA"", ""MEX25""]"
106,106,SUBSMALL,2023-07-26,active,"[""KORAA"", ""KORAA"", ""KORAA"", ""MEX25""]"
107,107,SUBSMALL,2024-11-17,active,"[""TWN25"", ""CZE25"", ""IDN25"", ""MEX25""]"
108,108,SUBSMALL,2024-06-20,active,"[""GRCAA"", ""CZE25"", ""IDN25"", ""GRCAA""]"
109,109,SUBMEDIUM,2024-05-21,active,"[""GRCAA"", ""CZE25"", ""ITAA"", ""GRCAA""]"
110,110,SUBMEDIUM,2023-09-24,active,"[""KORAA"", ""ITAA"", ""ITAA"", ""ITAA""]"
111,111,SUBSMALL,2024-01-22,active,"[""TWN25"", ""KORAA"", ""GRCAA"", ""KORAA""]"
112,112,SUBSMALL,2023-12-23,active,"[""TWN25"", ""CZE25"", ""IDN25"", ""MEX25""]"
113,113,SUBMEDIUM,2023-10-24,active,"[""TWN25"", ""CZE25"", ""IDN25"", ""MEX25""]"
114,114,SUBMEDIUM,2023-06-26,active,"[""TWN25"", ""CZE25"", ""IDN25"", ""MEX25""]"
115,115,SUBSMALL,2023-08-25,active,"[""KORAA"", ""ITAA"", ""ITAA"", ""MEX25""]"
116,116,SUBMEDIUM,2025-04-16,active,"[""TWN25"", ""CZE25"", ""IDN25"", ""MEX25""]"
117,117,SUBSMALL,2025-04-16,active,"[""ITAA"", ""KORAA"", ""GRCAA"", ""KORAA""]"
118,118,SUBSMALL,2024-09-18,active,"[""TWN25"", ""CZE25"", ""IDN25"", ""GRCAA""]"
119,119,SUBMEDIUM,2024-12-17,active,"[""KORAA"", ""CZE25"", ""ITAA"", ""ITAA""]"
120,120,SUBSMALL,2024-01-22,active,"[""TWN25"", ""CZE25"", ""IDN25"", ""MEX25""]"
121,121,SUBSMALL,2023-07-26,active,"[""TWN25"", ""CZE25"", ""IDN25"", ""MEX25""]"
122,122,SUBSMALL,2024-03-22,active,"[""TWN25"", ""CZE25"", ""IDN25"", ""MEX25""]"
123,123,SUBSMALL,2024-02-21,active,"[""TWN25"", ""CZE25"", ""IDN25"", ""MEX25""]"
124,124,SUBSMALL,2024-03-22,active,"[""KORAA"", ""GRCAA"", ""IDN25"", ""GRCAA""]"
125,125,SUBSMALL,2024-01-22,active,"[""TWN25"", ""CZE25"", ""IDN25"", ""MEX25""]"
126,126,SUBMEDIUM,2025-01-16,active,"[""TWN25"", ""KORAA"", ""KORAA"", ""MEX25""]"
127,127,SUBMEDIUM,2024-07-20,active,"[""TWN25"", ""CZE25"", ""IDN25"", ""MEX25""]"
128,128,SUBLARGE,2025-01-16,active,"[""TWN25"", ""CZE25"", ""IDN25"", ""MEX25""]"
129,129,SUBSMALL,2024-07-20,active,"[""TWN25"", ""CZE25"", ""IDN25"", ""MEX25""]"
130,130,SUBMEDIUM,2025-04-16,active,"[""GRCAA"", ""CZE25"", ""IDN25"", ""GRCAA""]"
131,131,SUBMEDIUM,2024-01-22,active,"[""ITAA"", ""KORAA"", ""IDN25"", ""GRCAA""]"
132,132,SUBMEDIUM,2023-09-24,active,"[""TWN25"", ""CZE25"", ""IDN25"", ""MEX25""]"
133,133,SUBMEDIUM,2023-11-23,active,"[""ITAA"", ""GRCAA"", ""IDN25"", ""MEX25""]"
134,134,SUBMEDIUM,2024-06-20,active,"[""TWN25"", ""CZE25"", ""IDN25"", ""MEX25""]"
135,135,SUBLARGE,2025-02-15,active,"[""TWN25"", ""CZE25"", ""GRCAA"", ""KORAA""]"
136,136,SUBSMALL,2024-04-21,active,"[""GRCAA"", ""ITAA"", ""KORAA"", ""KORAA""]"
137,137,SUBSMALL,2023-11-23,active,"[""TWN25"", ""CZE25"", ""IDN25"", ""MEX25""]"
138,138,SUBMEDIUM,2023-12-23,active,"[""KORAA"", ""GRCAA"", ""IDN25"", ""KORAA""]"
139,139,SUBMEDIUM,2025-03-17,active,"[""ITAA"", ""CZE25"", ""ITAA"", ""GRCAA""]"
140,140,SUBMEDIUM,2023-11-23,active,"[""TWN25"", ""ITAA"", ""IDN25"", ""GRCAA""]"
141,141,SUBMEDIUM,2023-08-25,active,"[""TWN25"", ""CZE25"", ""IDN25"", ""MEX25""]"
142,142,SUBLARGE,2025-01-16,active,"[""TWN25"", ""CZE25"", ""IDN25"", ""MEX25""]"
143,143,SUBSMALL,2024-08-19,active,"[""GRCAA"", ""GRCAA"", ""ITAA"", ""MEX25""]"
144,144,SUBMEDIUM,2025-01-16,active,"[""KORAA"", ""CZE25"", ""ITAA"", ""GRCAA""]"
145,145,SUBSMALL,2024-12-17,active,"[""TWN25"", ""CZE25"", ""IDN25"", ""MEX25""]"
146,146,SUBSMALL,2023-06-26,active,"[""TWN25"", ""CZE25"", ""IDN25"", ""MEX25""]"
147,147,SUBMEDIUM,2025-02-15,active,"[""TWN25"", ""KORAA"", ""IDN25"", ""MEX25""]"
148,148,SUBMEDIUM,2024-01-22,active,"[""TWN25"", ""CZE25"", ""IDN25"", ""MEX25""]"
149,149,SUBMEDIUM,2024-04-21,active,"[""TWN25"", ""CZE25"", ""IDN25"", ""MEX25""]"
150,150,SUBLARGE,2023-12-23,active,"[""GRCAA"", ""GRCAA"", ""IDN25"", ""MEX25""]"
151,151,SUBMEDIUM,2024-08-19,active,"[""ITAA"", ""GRCAA"", ""KORAA"", ""ITAA""]"
152,152,SUBLARGE,2023-10-24,active,"[""TWN25"", ""CZE25"", ""IDN25"", ""MEX25""]"
153,153,SUBMEDIUM,2024-01-22,active,"[""TWN25"", ""CZE25"", ""IDN25"", ""MEX25""]"
154,154,SUBMEDIUM,2025-02-15,active,"[""TWN25"", ""CZE25"", ""IDN25"", ""MEX25""]"
155,155,SUBMEDIUM,2023-09-24,active,"[""TWN25"", ""CZE25"", ""IDN25"", ""MEX25""]"
156,156,SUBMEDIUM,2025-01-16,active,"[""TWN25"", ""ITAA"", ""GRCAA"", ""MEX25""]"
157,157,SUBSMALL,2023-08-25,active,"[""TWN25"", ""CZE25"", ""IDN25"", ""MEX25""]"
158,158,SUBMEDIUM,2024-10-18,active,"[""KORAA"", ""ITAA"", ""KORAA"", ""MEX25""]"
159,159,SUBMEDIUM,2024-06-20,active,"[""TWN25"", ""CZE25"", ""IDN25"", ""MEX25""]"
160,160,SUBMEDIUM,2024-02-21,active,"[""TWN25"", ""CZE25"", ""IDN25"", ""MEX25""]"
161,161,SUBSMALL,2024-07-20,active,"[""TWN25"", ""CZE25"", ""IDN25"", ""MEX25""]"
162,162,SUBMEDIUM,2023-12-23,active,"[""TWN25"", ""CZE25"", ""IDN25"", ""MEX25""]"
163,163,SUBSMALL,2024-10-18,active,"[""KORAA"", ""CZE25"", ""GRCAA"", ""KORAA""]"
164,164,SUBMEDIUM,2025-03-17,active,"[""TWN25"", ""CZE25"", ""IDN25"", ""KORAA""]"
165,165,SUBLARGE,2024-01-22,active,"[""TWN25"", ""CZE25"", ""IDN25"", ""MEX25""]"
166,166,SUBLARGE,2023-07-26,active,"[""GRCAA"", ""CZE25"", ""ITAA"", ""ITAA""]"
167,167,SUBLARGE,2025-01-16,active,"[""TWN25"", ""CZE25"", ""IDN25"", ""MEX25""]"
168,168,SUBMEDIUM,2023-10-24,active,"[""TWN25"", ""CZE25"", ""IDN25"", ""MEX25""]"
169,169,SUBMEDIUM,2023-07-26,active,"[""ITAA"", ""ITAA"", ""KORAA"", ""KORAA""]"
170,170,SUBSMALL,2025-02-15,active,"[""TWN25"", ""CZE25"", ""KORAA"", ""GRCAA""]"
171,171,SUBMEDIUM,2023-09-24,active,"[""TWN25"", ""CZE25"", ""IDN25"", ""MEX25""]"
172,172,SUBSMALL,2024-08-19,active,"[""ITAA"", ""CZE25"", ""ITAA"", ""MEX25""]"
173,173,SUBSMALL,2023-12-23,active,"[""TWN25"", ""CZE25"", ""IDN25"", ""MEX25""]"
174,174,SUBSMALL,2025-04-16,active,"[""KORAA"", ""CZE25"", ""KORAA"", ""KORAA""]"
175,175,SUBSMALL,2024-04-21,active,"[""TWN25"", ""CZE25"", ""IDN25"", ""MEX25""]"
176,176,SUBSMALL,2023-08-25,active,"[""TWN25"", ""CZE25"", ""IDN25"", ""MEX25""]"
177,177,SUBSMALL,2023-08-25,active,"[""TWN25"", ""CZE25"", ""IDN25"", ""MEX25""]"
178,178,SUBLARGE,2024-12-17,active,"[""TWN25"", ""CZE25"", ""IDN25"", ""MEX25""]"
179,179,SUBSMALL,2023-10-24,active,"[""GRCAA"", ""CZE25"", ""KORAA"", ""ITAA""]"
180,180,SUBMEDIUM,2024-03-22,active,"[""ITAA"", ""ITAA"", ""IDN25"", ""MEX25""]"
181,181,SUBMEDIUM,2025-02-15,active,"[""GRCAA"", ""ITAA"", ""IDN25"", ""ITAA""]"
182,182,SUBSMALL,2024-01-22,active,"[""GRCAA"", ""KORAA"", ""GRCAA"", ""GRCAA""]"
183,183,SUBMEDIUM,2024-09-18,active,"[""TWN25"", ""CZE25"", ""IDN25"", ""MEX25""]"
184,184,SUBSMALL,2025-01-16,active,"[""KORAA"", ""GRCAA"", ""KORAA"", ""GRCAA""]"
185,185,SUBMEDIUM,2024-12-17,active,"[""TWN25"", ""CZE25"", ""IDN25"", ""MEX25""]"
186,186,SUBLARGE,2023-07-26,active,"[""ITAA"", ""CZE25"", ""IDN25"", ""MEX25""]"
187,187,SUBMEDIUM,2024-04-21,active,"[""GRCAA"", ""GRCAA"", ""IDN25"", ""MEX25""]"
188,188,SUBLARGE,2024-11-17,active,"[""KORAA"", ""ITAA"", ""GRCAA"", ""MEX25""]"
189,189,SUBMEDIUM,2025-03-17,active,"[""KORAA"", ""GRCAA"", ""KORAA"", ""KORAA""]"
190,190,SUBMEDIUM,2024-12-17,active,"[""ITAA"", ""GRCAA"", ""IDN25"", ""KORAA""]"
191,191,SUBMEDIUM,2024-02-21,active,"[""TWN25"", ""ITAA"", ""IDN25"", ""KORAA""]"
192,192,SUBMEDIUM,2023-07-26,active,"[""ITAA"", ""ITAA"", ""IDN25"", ""MEX25""]"
193,193,SUBSMALL,2024-08-19,active,"[""TWN25"", ""CZE25"", ""IDN25"", ""MEX25""]"
194,194,SUBMEDIUM,2025-04-16,active,"[""TWN25"", ""GRCAA"", ""ITAA"", ""KORAA""]"
195,195,SUBMEDIUM,2024-12-17,active,"[""TWN25"", ""CZE25"", ""IDN25"", ""MEX25""]"
196,196,SUBLARGE,2024-11-17,active,"[""ITAA"", ""CZE25"", ""ITAA"", ""MEX25""]"
197,197,SUBMEDIUM,2024-07-20,active,"[""TWN25"", ""CZE25"", ""IDN25"", ""MEX25""]"
198,198,SUBMEDIUM,2023-12-23,active,"[""TWN25"", ""KORAA"", ""IDN25"", ""KORAA""]"
199,199,SUBSMALL,2024-04-21,active,"[""TWN25"", ""CZE25"", ""IDN25"", ""MEX25""]"
200,200,SUBMEDIUM,2025-04-16,active,"[""TWN25"", ""CZE25"", ""IDN25"", ""MEX25""]"
201,201,SUBMEDIUM,2025-03-17,active,"[""GRCAA"", ""ITAA"", ""GRCAA"", ""ITAA""]"
202,202,SUBMEDIUM,2025-03-17,active,"[""KORAA"", ""KORAA"", ""ITAA"", ""ITAA""]"
203,203,SUBSMALL,2025-04-16,active,"[""KORAA"", ""GRCAA"", ""IDN25"", ""KORAA""]"
204,204,SUBLARGE,2023-12-23,active,"[""TWN25"", ""CZE25"", ""IDN25"", ""MEX25""]"
205,205,SUBSMALL,2024-02-21,active,"[""ITAA"", ""ITAA"", ""IDN25"", ""MEX25""]"
206,206,SUBMEDIUM,2024-06-20,active,"[""TWN25"", ""CZE25"", ""IDN25"", ""MEX25""]"
207,207,SUBSMALL,2024-11-17,active,"[""TWN25"", ""CZE25"", ""IDN25"", ""MEX25""]"
208,208,SUBMEDIUM,2025-03-17,active,"[""KORAA"", ""KORAA"", ""KORAA"", ""KORAA""]"
209,209,SUBMEDIUM,2023-10-24,active,"[""ITAA"", ""KORAA"", ""GRCAA"", ""MEX25""]"
210,210,SUBMEDIUM,2023-05-27,active,"[""ITAA"", ""GRCAA"", ""KORAA"", ""ITAA""]"
211,211,SUBMEDIUM,2023-12-23,active,"[""TWN25"", ""CZE25"", ""IDN25"", ""MEX25""]"
212,212,SUBLARGE,2025-01-16,active,"[""KORAA"", ""GRCAA"", ""IDN25"", ""KORAA""]"
213,213,SUBMEDIUM,2023-09-24,active,"[""TWN25"", ""CZE25"", ""IDN25"", ""MEX25""]"
214,214,SUBMEDIUM,2025-03-17,active,"[""TWN25"", ""CZE25"", ""IDN25"", ""MEX25""]"
215,215,SUBMEDIUM,2025-03-17,active,"[""TWN25"", ""KORAA"", ""ITAA"", ""ITAA""]"
216,216,SUBSMALL,2023-10-24,active,"[""ITAA"", ""CZE25"", ""ITAA"", ""ITAA""]"
217,217,SUBMEDIUM,2024-06-20,active,"[""KORAA"", ""GRCAA"", ""GRCAA"", ""GRCAA""]"
218,218,SUBSMALL,2023-05-27,active,"[""TWN25"", ""ITAA"", ""GRCAA"", ""ITAA""]"
219,219,SUBMEDIUM,2023-11-23,active,"[""TWN25"", ""CZE25"", ""IDN25"", ""MEX25""]"
220,220,SUBMEDIUM,2023-10-24,active,"[""TWN25"", ""CZE25"", ""IDN25"", ""MEX25""]"
221,221,SUBSMALL,2024-12-17,active,"[""KORAA"", ""GRCAA"", ""KORAA"", ""MEX25""]"
222,222,SUBSMALL,2024-11-17,active,"[""TWN25"", ""CZE25"", ""IDN25"", ""GRCAA""]"
223,223,SUBSMALL,2025-03-17,active,"[""TWN25"", ""KORAA"", ""KORAA"", ""MEX25""]"
224,224,SUBSMALL,2024-02-21,active,"[""TWN25"", ""CZE25"", ""IDN25"", ""MEX25""]"
225,225,SUBMEDIUM,2024-02-21,active,"[""GRCAA"", ""KORAA"", ""ITAA"", ""ITAA""]"
226,226,SUBMEDIUM,2023-12-23,active,"[""TWN25"", ""CZE25"", ""IDN25"", ""MEX25""]"
227,227,SUBSMALL,2025-04-16,active,"[""TWN25"", ""CZE25"", ""IDN25"", ""MEX25""]"
228,228,SUBSMALL,2025-02-15,active,"[""TWN25"", ""CZE25"", ""IDN25"", ""MEX25""]"
229,229,SUBSMALL,2024-02-21,active,"[""TWN25"", ""CZE25"", ""IDN25"", ""MEX25""]"
230,230,SUBMEDIUM,2023-05-27,active,"[""TWN25"", ""CZE25"", ""IDN25"", ""MEX25""]"
231,231,SUBMEDIUM,2023-06-26,active,"[""TWN25"", ""CZE25"", ""IDN25"", ""MEX25""]"
232,232,SUBMEDIUM,2025-03-17,active,"[""TWN25"", ""KORAA"", ""KORAA"", ""ITAA""]"
233,233,SUBSMALL,2024-10-18,active,"[""ITAA"", ""ITAA"", ""ITAA"", ""KORAA""]"
234,234,SUBMEDIUM,2024-04-21,active,"[""TWN25"", ""CZE25"", ""IDN25"", ""MEX25""]"
235,235,SUBLARGE,2024-11-17,active,"[""TWN25"", ""CZE25"", ""IDN25"", ""MEX25""]"
236,236,SUBMEDIUM,2024-02-21,active,"[""GRCAA"", ""CZE25"", ""ITAA"", ""MEX25""]"
237,237,SUBSMALL,2024-10-18,active,"[""TWN25"", ""CZE25"", ""IDN25"", ""MEX25""]"
238,238,SUBSMALL,2024-10-18,active,"[""TWN25"", ""CZE25"", ""IDN25"", ""MEX25""]"
239,239,SUBSMALL,2024-05-21,active,"[""TWN25"", ""CZE25"", ""IDN25"", ""MEX25""]"
240,240,SUBSMALL,2024-04-21,active,"[""GRCAA"", ""CZE25"", ""GRCAA"", ""KORAA""]"
241,241,SUBMEDIUM,2024-04-21,active,"[""TWN25"", ""CZE25"", ""IDN25"", ""MEX25""]"
242,242,SUBMEDIUM,2025-01-16,active,"[""ITAA"", ""KORAA"", ""KORAA"", ""ITAA""]"
243,243,SUBMEDIUM,2023-12-23,active,"[""GRCAA"", ""ITAA"", ""KORAA"", ""MEX25""]"
244,244,SUBSMALL,2023-09-24,active,"[""TWN25"", ""CZE25"", ""IDN25"", ""MEX25""]"
245,245,SUBMEDIUM,2025-03-17,active,"[""ITAA"", ""GRCAA"", ""ITAA"", ""MEX25""]"
246,246,SUBSMALL,2025-04-16,active,"[""TWN25"", ""CZE25"", ""IDN25"", ""MEX25""]"
247,247,SUBSMALL,2023-08-25,active,"[""KORAA"", ""KORAA"", ""ITAA"", ""GRCAA""]"
248,248,SUBSMALL,2024-06-20,active,"[""KORAA"", ""KORAA"", ""KORAA"", ""ITAA""]"
249,249,SUBSMALL,2024-08-19,active,"[""TWN25"", ""CZE25"", ""IDN25"", ""MEX25""]"
250,250,SUBSMALL,2023-10-24,active,"[""ITAA"", ""GRCAA"", ""IDN25"", ""GRCAA""]"
251,251,SUBLARGE,2024-11-17,active,"[""TWN25"", ""CZE25"", ""IDN25"", ""MEX25""]"
252,252,SUBMEDIUM,2024-06-20,active,"[""GRCAA"", ""ITAA"", ""KORAA"", ""KORAA""]"
253,253,SUBSMALL,2023-05-27,active,"[""KORAA"", ""ITAA"", ""KORAA"", ""MEX25""]"
254,254,SUBMEDIUM,2024-06-20,active,"[""TWN25"", ""CZE25"", ""IDN25"", ""MEX25""]"
255,255,SUBMEDIUM,2023-10-24,active,"[""TWN25"", ""GRCAA"", ""IDN25"", ""KORAA""]"
256,256,SUBLARGE,2025-01-16,active,"[""ITAA"", ""GRCAA"", ""IDN25"", ""GRCAA""]"
257,257,SUBSMALL,2024-02-21,active,"[""TWN25"", ""KORAA"", ""KORAA"", ""GRCAA""]"
258,258,SUBSMALL,2024-06-20,active,"[""TWN25"", ""CZE25"", ""IDN25"", ""MEX25""]"
259,259,SUBLARGE,2024-04-21,active,"[""ITAA"", ""ITAA"", ""IDN25"", ""KORAA""]"
260,260,SUBSMALL,2024-07-20,active,"[""TWN25"", ""ITAA"", ""KORAA"", ""GRCAA""]"
261,261,SUBSMALL,2024-09-18,active,"[""KORAA"", ""GRCAA"", ""IDN25"", ""ITAA""]"
262,262,SUBMEDIUM,2023-12-23,active,"[""TWN25"", ""ITAA"", ""ITAA"", ""GRCAA""]"
263,263,SUBMEDIUM,2025-02-15,active,"[""TWN25"", ""CZE25"", ""IDN25"", ""MEX25""]"
264,264,SUBSMALL,2023-12-23,active,"[""TWN25"", ""KORAA"", ""GRCAA"", ""GRCAA""]"
265,265,SUBMEDIUM,2023-08-25,active,"[""TWN25"", ""CZE25"", ""IDN25"", ""MEX25""]"
266,266,SUBMEDIUM,2024-08-19,active,"[""TWN25"", ""CZE25"", ""IDN25"", ""MEX25""]"
267,267,SUBSMALL,2025-02-15,active,"[""ITAA"", ""CZE25"", ""GRCAA"", ""GRCAA""]"
268,268,SUBMEDIUM,2024-09-18,active,"[""ITAA"", ""CZE25"", ""IDN25"", ""KORAA""]"
269,269,SUBMEDIUM,2025-02-15,active,"[""TWN25"", ""CZE25"", ""IDN25"", ""MEX25""]"
270,270,SUBSMALL,2024-12-17,active,"[""ITAA"", ""ITAA"", ""KORAA"", ""KORAA""]"
271,271,SUBLARGE,2024-04-21,active,"[""KORAA"", ""CZE25"", ""KORAA"", ""GRCAA""]"
272,272,SUBMEDIUM,2024-09-18,active,"[""TWN25"", ""CZE25"", ""IDN25"", ""MEX25""]"
273,273,SUBMEDIUM,2023-10-24,active,"[""TWN25"", ""KORAA"", ""IDN25"", ""ITAA""]"
274,274,SUBMEDIUM,2025-04-16,active,"[""TWN25"", ""CZE25"", ""IDN25"", ""ITAA""]"
275,275,SUBMEDIUM,2024-03-22,active,"[""TWN25"", ""GRCAA"", ""GRCAA"", ""ITAA""]"
276,276,SUBMEDIUM,2024-11-17,active,"[""TWN25"", ""CZE25"", ""IDN25"", ""MEX25""]"
277,277,SUBLARGE,2024-10-18,active,"[""ITAA"", ""GRCAA"", ""KORAA"", ""GRCAA""]"
278,278,SUBSMALL,2024-02-21,active,"[""TWN25"", ""CZE25"", ""IDN25"", ""MEX25""]"
279,279,SUBMEDIUM,2023-09-24,active,"[""KORAA"", ""ITAA"", ""ITAA"", ""GRCAA""]"
280,280,SUBLARGE,2025-04-16,active,"[""TWN25"", ""CZE25"", ""ITAA"", ""ITAA""]"
281,281,SUBSMALL,2025-01-16,active,"[""KORAA"", ""KORAA"", ""KORAA"", ""MEX25""]"
282,282,SUBLARGE,2025-04-16,active,"[""KORAA"", ""KORAA"", ""IDN25"", ""ITAA""]"
283,283,SUBMEDIUM,2024-04-21,active,"[""TWN25"", ""CZE25"", ""IDN25"", ""MEX25""]"
284,284,SUBSMALL,2023-05-27,active,"[""ITAA"", ""CZE25"", ""GRCAA"", ""MEX25""]"
285,285,SUBMEDIUM,2025-01-16,active,"[""TWN25"", ""CZE25"", ""IDN25"", ""MEX25""]"
286,286,SUBMEDIUM,2025-03-17,active,"[""ITAA"", ""ITAA"", ""ITAA"", ""ITAA""]"
287,287,SUBMEDIUM,2024-06-20,active,"[""TWN25"", ""CZE25"", ""IDN25"", ""MEX25""]"
288,288,SUBMEDIUM,2023-09-24,active,"[""TWN25"", ""CZE25"", ""IDN25"", ""MEX25""]"
289,289,SUBSMALL,2024-07-20,active,"[""GRCAA"", ""KORAA"", ""KORAA"", ""GRCAA""]"
290,290,SUBMEDIUM,2024-03-22,active,"[""ITAA"", ""GRCAA"", ""KORAA"", ""MEX25""]"
291,291,SUBSMALL,2023-11-23,active,"[""TWN25"", ""CZE25"", ""IDN25"", ""MEX25""]"
292,292,SUBMEDIUM,2024-02-21,active,"[""TWN25"", ""CZE25"", ""IDN25"", ""MEX25""]"
293,293,SUBMEDIUM,2024-06-20,active,"[""TWN25"", ""CZE25"", ""IDN25"", ""MEX25""]"
294,294,SUBLARGE,2025-01-16,active,"[""TWN25"", ""CZE25"", ""IDN25"", ""MEX25""]"
295,295,SUBLARGE,2024-12-17,active,"[""GRCAA"", ""CZE25"", ""GRCAA"", ""ITAA""]"
296,296,SUBSMALL,2024-08-19,active,"[""TWN25"", ""CZE25"", ""IDN25"", ""MEX25""]"
297,297,SUBMEDIUM,2024-03-22,active,"[""TWN25"", ""CZE25"", ""IDN25"", ""MEX25""]"
298,298,SUBLARGE,2023-07-26,active,"[""ITAA"", ""ITAA"", ""IDN25"", ""KORAA""]"
299,299,SUBSMALL,2024-03-22,active,"[""GRCAA"", ""KORAA"", ""ITAA"", ""MEX25""]"
300,300,SUBSMALL,2023-07-26,active,"[""ITAA"", ""ITAA"", ""GRCAA"", ""ITAA""]"
301,301,SUBMEDIUM,2024-08-19,active,"[""TWN25"", ""CZE25"", ""KORAA"", ""GRCAA""]"
302,302,SUBMEDIUM,2024-08-19,active,"[""TWN25"", ""CZE25"", ""IDN25"", ""MEX25""]"
303,303,SUBSMALL,2023-09-24,active,"[""TWN25"", ""KORAA"", ""ITAA"", ""KORAA""]"
304,304,SUBSMALL,2023-11-23,active,"[""ITAA"", ""KORAA"", ""ITAA"", ""MEX25""]"
305,305,SUBMEDIUM,2024-05-21,active,"[""ITAA"", ""ITAA"", ""KORAA"", ""GRCAA""]"
306,306,SUBMEDIUM,2023-09-24,active,"[""TWN25"", ""CZE25"", ""IDN25"", ""MEX25""]"
307,307,SUBMEDIUM,2023-05-27,active,"[""TWN25"", ""CZE25"", ""IDN25"", ""MEX25""]"
308,308,SUBSMALL,2024-06-20,active,"[""KORAA"", ""KORAA"", ""GRCAA"", ""KORAA""]"
309,309,SUBMEDIUM,2024-10-18,active,"[""TWN25"", ""CZE25"", ""IDN25"", ""MEX25""]"
310,310,SUBLARGE,2024-08-19,active,"[""TWN25"", ""CZE25"", ""IDN25"", ""MEX25""]"
311,311,SUBSMALL,2023-07-26,active,"[""TWN25"", ""CZE25"", ""IDN25"", ""MEX25""]"
312,312,SUBLARGE,2024-09-18,active,"[""TWN25"", ""ITAA"", ""IDN25"", ""GRCAA""]"
313,313,SUBSMALL,2023-06-26,active,"[""ITAA"", ""ITAA"", ""GRCAA"", ""ITAA""]"
314,314,SUBSMALL,2023-12-23,active,"[""TWN25"", ""CZE25"", ""IDN25"", ""MEX25""]"
315,315,SUBSMALL,2024-01-22,active,"[""TWN25"", ""CZE25"", ""IDN25"", ""MEX25""]"
316,316,SUBMEDIUM,2023-11-23,active,"[""TWN25"", ""CZE25"", ""IDN25"", ""MEX25""]"
317,317,SUBSMALL,2023-10-24,active,"[""TWN25"", ""CZE25"", ""IDN25"", ""MEX25""]"
318,318,SUBMEDIUM,2025-03-17,active,"[""TWN25"", ""CZE25"", ""IDN25"", ""MEX25""]"
319,319,SUBMEDIUM,2023-12-23,active,"[""KORAA"", ""KORAA"", ""KORAA"", ""ITAA""]"
320,320,SUBSMALL,2025-04-16,active,"[""TWN25"", ""CZE25"", ""IDN25"", ""MEX25""]"
321,321,SUBSMALL,2023-06-26,active,"[""ITAA"", ""ITAA"", ""GRCAA"", ""KORAA""]"
322,322,SUBSMALL,2024-03-22,active,"[""KORAA"", ""GRCAA"", ""IDN25"", ""ITAA""]"
323,323,SUBLARGE,2023-11-23,active,"[""ITAA"", ""CZE25"", ""GRCAA"", ""MEX25""]"
324,324,SUBMEDIUM,2025-02-15,active,"[""GRCAA"", ""ITAA"", ""ITAA"", ""ITAA""]"
325,325,SUBSMALL,2023-07-26,active,"[""TWN25"", ""ITAA"", ""IDN25"", ""ITAA""]"
326,326,SUBLARGE,2024-02-21,active,"[""GRCAA"", ""KORAA"", ""ITAA"", ""GRCAA""]"
327,327,SUBLARGE,2023-05-27,active,"[""TWN25"", ""CZE25"", ""IDN25"", ""MEX25""]"
328,328,SUBMEDIUM,2024-01-22,active,"[""GRCAA"", ""GRCAA"", ""IDN25"", ""KORAA""]"
329,329,SUBSMALL,2023-06-26,active,"[""TWN25"", ""CZE25"", ""IDN25"", ""MEX25""]"
330,330,SUBLARGE,2024-10-18,active,"[""TWN25"", ""CZE25"", ""IDN25"", ""MEX25""]"
331,331,SUBMEDIUM,2025-04-16,active,"[""ITAA"", ""CZE25"", ""ITAA"", ""GRCAA""]"
332,332,SUBSMALL,2025-01-16,active,"[""TWN25"", ""CZE25"", ""IDN25"", ""MEX25""]"
333,333,SUBMEDIUM,2023-11-23,active,"[""TWN25"", ""CZE25"", ""IDN25"", ""MEX25""]"
334,334,SUBLARGE,2024-02-21,active,"[""TWN25"", ""GRCAA"", ""ITAA"", ""KORAA""]"
335,335,SUBMEDIUM,2025-02-15,active,"[""ITAA"", ""ITAA"", ""GRCAA"", ""GRCAA""]"
336,336,SUBMEDIUM,2024-11-17,active,"[""GRCAA"", ""KORAA"", ""IDN25"", ""KORAA""]"
337,337,SUBLARGE,2025-02-15,active,"[""TWN25"", ""CZE25"", ""IDN25"", ""MEX25""]"
338,338,SUBLARGE,2023-07-26,active,"[""TWN25"", ""CZE25"", ""IDN25"", ""MEX25""]"
339,339,SUBMEDIUM,2023-12-23,active,"[""TWN25"", ""CZE25"", ""IDN25"", ""MEX25""]"
340,340,SUBLARGE,2023-05-27,active,"[""ITAA"", ""KORAA"", ""ITAA"", ""GRCAA""]"
341,341,SUBSMALL,2023-11-23,active,"[""TWN25"", ""CZE25"", ""IDN25"", ""MEX25""]"
342,342,SUBSMALL,2024-03-22,active,"[""TWN25"", ""CZE25"", ""IDN25"", ""MEX25""]"
343,343,SUBMEDIUM,2025-03-17,active,"[""TWN25"", ""CZE25"", ""ITAA"", ""MEX25""]"
344,344,SUBSMALL,2024-06-20,active,"[""TWN25"", ""CZE25"", ""IDN25"", ""MEX25""]"
345,345,SUBMEDIUM,2024-04-21,active,"[""TWN25"", ""CZE25"", ""IDN25"", ""MEX25""]"
346,346,SUBMEDIUM,2024-12-17,active,"[""TWN25"", ""CZE25"", ""IDN25"", ""MEX25""]"
347,347,SUBSMALL,2023-11-23,active,"[""GRCAA"", ""CZE25"", ""KORAA"", ""GRCAA""]"
348,348,SUBMEDIUM,2025-03-17,active,"[""TWN25"", ""CZE25"", ""IDN25"", ""MEX25""]"
349,349,SUBMEDIUM,2024-11-17,active,"[""TWN25"", ""CZE25"", ""IDN25"", ""MEX25""]"
350,350,SUBMEDIUM,2023-06-26,active,"[""TWN25"", ""KORAA"", ""KORAA"", ""MEX25""]"
351,351,SUBSMALL,2024-11-17,active,"[""TWN25"", ""CZE25"", ""IDN25"", ""MEX25""]"
352,352,SUBMEDIUM,2025-03-17,active,"[""TWN25"", ""CZE25"", ""IDN25"", ""MEX25""]"
353,353,SUBMEDIUM,2023-08-25,active,"[""TWN25"", ""CZE25"", ""IDN25"", ""MEX25""]"
354,354,SUBSMALL,2024-04-21,active,"[""TWN25"", ""KORAA"", ""IDN25"", ""GRCAA""]"
355,355,SUBMEDIUM,2024-03-22,active,"[""GRCAA"", ""KORAA"", ""GRCAA"", ""KORAA""]"
356,356,SUBMEDIUM,2023-10-24,active,"[""TWN25"", ""GRCAA"", ""ITAA"", ""KORAA""]"
357,357,SUBSMALL,2024-06-20,active,"[""GRCAA"", ""ITAA"", ""GRCAA"", ""GRCAA""]"
358,358,SUBMEDIUM,2024-10-18,active,"[""GRCAA"", ""ITAA"", ""KORAA"", ""KORAA""]"
359,359,SUBMEDIUM,2023-05-27,active,"[""KORAA"", ""KORAA"", ""IDN25"", ""GRCAA""]"
360,360,SUBSMALL,2025-01-16,active,"[""TWN25"", ""CZE25"", ""IDN25"", ""MEX25""]"
361,361,SUBMEDIUM,2023-10-24,active,"[""ITAA"", ""GRCAA"", ""ITAA"", ""MEX25""]"
362,362,SUBMEDIUM,2024-04-21,active,"[""ITAA"", ""KORAA"", ""IDN25"", ""KORAA""]"
363,363,SUBMEDIUM,2024-08-19,active,"[""TWN25"", ""GRCAA"", ""IDN25"", ""MEX25""]"
364,364,SUBMEDIUM,2024-06-20,active,"[""TWN25"", ""CZE25"", ""IDN25"", ""MEX25""]"
365,365,SUBMEDIUM,2024-10-18,active,"[""TWN25"", ""CZE25"", ""IDN25"", ""MEX25""]"
366,366,SUBSMALL,2023-11-23,active,"[""TWN25"", ""GRCAA"", ""GRCAA"", ""ITAA""]"
367,367,SUBSMALL,2025-03-17,active,"[""GRCAA"", ""ITAA"", ""IDN25"", ""GRCAA""]"
368,368,SUBMEDIUM,2023-12-23,active,"[""TWN25"", ""CZE25"", ""KORAA"", ""MEX25""]"
369,369,SUBMEDIUM,2024-02-21,active,"[""GRCAA"", ""KORAA"", ""GRCAA"", ""GRCAA""]"
370,370,SUBMEDIUM,2023-08-25,active,"[""TWN25"", ""CZE25"", ""IDN25"", ""MEX25""]"
371,371,SUBMEDIUM,2024-12-17,active,"[""KORAA"", ""GRCAA"", ""KORAA"", ""GRCAA""]"
372,372,SUBSMALL,2024-05-21,active,"[""TWN25"", ""CZE25"", ""IDN25"", ""MEX25""]"
373,373,SUBSMALL,2024-08-19,active,"[""TWN25"", ""CZE25"", ""IDN25"", ""MEX25""]"
374,374,SUBLARGE,2024-02-21,active,"[""GRCAA"", ""KORAA"", ""GRCAA"", ""ITAA""]"
375,375,SUBLARGE,2023-08-25,active,"[""TWN25"", ""CZE25"", ""IDN25"", ""MEX25""]"
376,376,SUBMEDIUM,2024-10-18,active,"[""KORAA"", ""ITAA"", ""IDN25"", ""ITAA""]"
377,377,SUBSMALL,2024-01-22,active,"[""GRCAA"", ""KORAA"", ""ITAA"", ""ITAA""]"
378,378,SUBMEDIUM,2023-09-24,active,"[""ITAA"", ""ITAA"", ""KORAA"", ""ITAA""]"
379,379,SUBMEDIUM,2023-12-23,active,"[""KORAA"", ""ITAA"", ""GRCAA"", ""ITAA""]"
380,380,SUBMEDIUM,2024-04-21,active,"[""KORAA"", ""ITAA"", ""IDN25"", ""ITAA""]"
381,381,SUBSMALL,2023-06-26,active,"[""TWN25"", ""CZE25"", ""IDN25"", ""MEX25""]"
382,382,SUBMEDIUM,2024-10-18,active,"[""TWN25"", ""CZE25"", ""IDN25"", ""MEX25""]"
383,383,SUBSMALL,2023-12-23,active,"[""GRCAA"", ""CZE25"", ""KORAA"", ""MEX25""]"
384,384,SUBMEDIUM,2025-04-16,active,"[""TWN25"", ""CZE25"", ""IDN25"", ""MEX25""]"
385,385,SUBLARGE,2024-07-20,active,"[""TWN25"", ""CZE25"", ""IDN25"", ""MEX25""]"
386,386,SUBLARGE,2025-03-17,active,"[""TWN25"", ""CZE25"", ""IDN25"", ""MEX25""]"
387,387,SUBSMALL,2024-07-20,active,"[""TWN25"", ""CZE25"", ""IDN25"", ""MEX25""]"
388,388,SUBLARGE,2023-06-26,active,"[""TWN25"", ""CZE25"", ""IDN25"", ""MEX25""]"
389,389,SUBSMALL,2023-11-23,active,"[""GRCAA"", ""GRCAA"", ""ITAA"", ""ITAA""]"
390,390,SUBLARGE,2023-09-24,active,"[""TWN25"", ""CZE25"", ""IDN25"", ""MEX25""]"
391,391,SUBSMALL,2023-12-23,active,"[""TWN25"", ""CZE25"", ""IDN25"", ""MEX25""]"
392,392,SUBMEDIUM,2023-08-25,active,"[""GRCAA"", ""CZE25"", ""GRCAA"", ""GRCAA""]"
393,393,SUBSMALL,2024-07-20,active,"[""KORAA"", ""CZE25"", ""ITAA"", ""ITAA""]"
394,394,SUBMEDIUM,2025-04-16,active,"[""TWN25"", ""CZE25"", ""IDN25"", ""MEX25""]"
395,395,SUBSMALL,2025-02-15,active,"[""TWN25"", ""CZE25"", ""IDN25"", ""MEX25""]"
396,396,SUBMEDIUM,2023-05-27,active,"[""KORAA"", ""KORAA"", ""GRCAA"", ""KORAA""]"
397,397,SUBSMALL,2024-01-22,active,"[""TWN25"", ""CZE25"", ""KORAA"", ""ITAA""]"
398,398,SUBMEDIUM,2023-12-23,active,"[""TWN25"", ""GRCAA"", ""GRCAA"", ""GRCAA""]"
399,399,SUBLARGE,2024-12-17,active,"[""TWN25"", ""CZE25"", ""IDN25"", ""MEX25""]"
400,400,SUBMEDIUM,2024-06-20,active,"[""GRCAA"", ""KORAA"", ""ITAA"", ""GRCAA""]"
401,401,SUBLARGE,2023-05-27,active,"[""ITAA"", ""KORAA"", ""IDN25"", ""KORAA""]"
402,402,SUBSMALL,2023-09-24,active,"[""GRCAA"", ""ITAA"", ""GRCAA"", ""GRCAA""]"
403,403,SUBMEDIUM,2023-07-26,active,"[""TWN25"", ""ITAA"", ""IDN25"", ""KORAA""]"
404,404,SUBSMALL,2025-03-17,active,"[""TWN25"", ""KORAA"", ""IDN25"", ""MEX25""]"
405,405,SUBLARGE,2023-05-27,active,"[""KORAA"", ""CZE25"", ""IDN25"", ""KORAA""]"
406,406,SUBLARGE,2023-12-23,active,"[""TWN25"", ""CZE25"", ""IDN25"", ""MEX25""]"
407,407,SUBMEDIUM,2023-09-24,active,"[""KORAA"", ""CZE25"", ""IDN25"", ""ITAA""]"
408,408,SUBMEDIUM,2023-11-23,active,"[""KORAA"", ""KORAA"", ""IDN25"", ""GRCAA""]"
409,409,SUBLARGE,2025-02-15,active,"[""TWN25"", ""CZE25"", ""IDN25"", ""MEX25""]"
410,410,SUBSMALL,2023-05-27,active,"[""TWN25"", ""CZE25"", ""IDN25"", ""MEX25""]"
411,411,SUBMEDIUM,2024-08-19,active,"[""GRCAA"", ""KORAA"", ""IDN25"", ""KORAA""]"
412,412,SUBMEDIUM,2023-05-27,active,"[""ITAA"", ""ITAA"", ""GRCAA"", ""MEX25""]"
413,413,SUBLARGE,2025-03-17,active,"[""TWN25"", ""CZE25"", ""IDN25"", ""MEX25""]"
414,414,SUBLARGE,2024-08-19,active,"[""ITAA"", ""GRCAA"", ""IDN25"", ""MEX25""]"
415,415,SUBMEDIUM,2025-03-17,active,"[""TWN25"", ""CZE25"", ""IDN25"", ""MEX25""]"
416,416,SUBMEDIUM,2024-02-21,active,"[""TWN25"", ""CZE25"", ""IDN25"", ""MEX25""]"
417,417,SUBSMALL,2024-12-17,active,"[""TWN25"", ""CZE25"", ""IDN25"", ""MEX25""]"
418,418,SUBSMALL,2023-11-23,active,"[""KORAA"", ""CZE25"", ""GRCAA"", ""GRCAA""]"
419,419,SUBMEDIUM,2024-12-17,active,"[""TWN25"", ""CZE25"", ""KORAA"", ""GRCAA""]"
420,420,SUBLARGE,2023-10-24,active,"[""KORAA"", ""ITAA"", ""GRCAA"", ""GRCAA""]"
421,421,SUBMEDIUM,2024-04-21,active,"[""TWN25"", ""CZE25"", ""IDN25"", ""MEX25""]"
422,422,SUBSMALL,2024-11-17,active,"[""GRCAA"", ""ITAA"", ""GRCAA"", ""GRCAA""]"
423,423,SUBSMALL,2024-01-22,active,"[""TWN25"", ""CZE25"", ""IDN25"", ""MEX25""]"
424,424,SUBMEDIUM,2024-06-20,active,"[""TWN25"", ""CZE25"", ""IDN25"", ""KORAA""]"
425,425,SUBSMALL,2024-11-17,active,"[""TWN25"", ""CZE25"", ""IDN25"", ""MEX25""]"
426,426,SUBSMALL,2024-12-17,active,"[""TWN25"", ""CZE25"", ""IDN25"", ""MEX25""]"
427,427,SUBLARGE,2023-10-24,active,"[""ITAA"", ""ITAA"", ""KORAA"", ""KORAA""]"
428,428,SUBMEDIUM,2023-08-25,active,"[""KORAA"", ""ITAA"", ""ITAA"", ""KORAA""]"
429,429,SUBMEDIUM,2024-03-22,active,"[""TWN25"", ""CZE25"", ""IDN25"", ""MEX25""]"
430,430,SUBMEDIUM,2024-05-21,active,"[""ITAA"", ""KORAA"", ""GRCAA"", ""MEX25""]"
431,431,SUBMEDIUM,2023-12-23,active,"[""TWN25"", ""CZE25"", ""IDN25"", ""MEX25""]"
432,432,SUBMEDIUM,2024-09-18,active,"[""TWN25"", ""CZE25"", ""IDN25"", ""MEX25""]"
433,433,SUBSMALL,2023-05-27,active,"[""TWN25"", ""ITAA"", ""GRCAA"", ""KORAA""]"
434,434,SUBSMALL,2024-10-18,active,"[""KORAA"", ""CZE25"", ""GRCAA"", ""KORAA""]"
435,435,SUBSMALL,2024-02-21,active,"[""TWN25"", ""CZE25"", ""IDN25"", ""MEX25""]"
436,436,SUBLARGE,2023-07-26,active,"[""TWN25"", ""CZE25"", ""IDN25"", ""MEX25""]"
437,437,SUBLARGE,2025-01-16,active,"[""KORAA"", ""GRCAA"", ""ITAA"", ""GRCAA""]"
438,438,SUBMEDIUM,2023-07-26,active,"[""TWN25"", ""CZE25"", ""IDN25"", ""MEX25""]"
439,439,SUBMEDIUM,2023-07-26,active,"[""TWN25"", ""KORAA"", ""KORAA"", ""GRCAA""]"
440,440,SUBSMALL,2023-11-23,active,"[""TWN25"", ""CZE25"", ""IDN25"", ""MEX25""]"
441,441,SUBLARGE,2024-02-21,active,"[""TWN25"", ""GRCAA"", ""GRCAA"", ""ITAA""]"
442,442,SUBSMALL,2024-05-21,active,"[""ITAA"", ""CZE25"", ""ITAA"", ""MEX25""]"
443,443,SUBSMALL,2024-02-21,active,"[""TWN25"", ""CZE25"", ""IDN25"", ""MEX25""]"
444,444,SUBMEDIUM,2024-06-20,active,"[""TWN25"", ""CZE25"", ""IDN25"", ""MEX25""]"
445,445,SUBMEDIUM,2025-03-17,active,"[""TWN25"", ""CZE25"", ""IDN25"", ""MEX25""]"
446,446,SUBSMALL,2025-01-16,active,"[""TWN25"", ""CZE25"", ""IDN25"", ""MEX25""]"
447,447,SUBMEDIUM,2024-04-21,active,"[""TWN25"", ""ITAA"", ""ITAA"", ""ITAA""]"
448,448,SUBMEDIUM,2024-06-20,active,"[""GRCAA"", ""GRCAA"", ""KORAA"", ""ITAA""]"
449,449,SUBMEDIUM,2023-07-26,active,"[""TWN25"", ""CZE25"", ""IDN25"", ""MEX25""]"
450,450,SUBSMALL,2025-02-15,active,"[""TWN25"", ""CZE25"", ""IDN25"", ""MEX25""]"
451,451,SUBLARGE,2024-05-21,active,"[""TWN25"", ""CZE25"", ""IDN25"", ""MEX25""]"
452,452,SUBSMALL,2023-08-25,active,"[""ITAA"", ""GRCAA"", ""IDN25"", ""ITAA""]"
453,453,SUBLARGE,2023-10-24,active,"[""TWN25"", ""CZE25"", ""IDN25"", ""MEX25""]"
454,454,SUBSMALL,2025-02-15,active,"[""ITAA"", ""CZE25"", ""KORAA"", ""GRCAA""]"
455,455,SUBMEDIUM,2025-03-17,active,"[""TWN25"", ""ITAA"", ""GRCAA"", ""MEX25""]"
456,456,SUBMEDIUM,2024-05-21,active,"[""KORAA"", ""ITAA"", ""GRCAA"", ""GRCAA""]"
457,457,SUBMEDIUM,2024-03-22,active,"[""TWN25"", ""CZE25"", ""IDN25"", ""MEX25""]"
458,458,SUBSMALL,2024-03-22,active,"[""TWN25"", ""CZE25"", ""IDN25"", ""MEX25""]"
459,459,SUBMEDIUM,2024-10-18,active,"[""ITAA"", ""CZE25"", ""GRCAA"", ""GRCAA""]"
460,460,SUBSMALL,2025-02-15,active,"[""TWN25"", ""CZE25"", ""IDN25"", ""MEX25""]"
461,461,SUBSMALL,2024-02-21,active,"[""TWN25"", ""CZE25"", ""IDN25"", ""MEX25""]"
462,462,SUBMEDIUM,2024-03-22,active,"[""TWN25"", ""CZE25"", ""IDN25"", ""MEX25""]"
463,463,SUBMEDIUM,2024-05-21,active,"[""GRCAA"", ""GRCAA"", ""IDN25"", ""KORAA""]"
464,464,SUBSMALL,2023-07-26,active,"[""KORAA"", ""CZE25"", ""IDN25"", ""KORAA""]"
465,465,SUBMEDIUM,2024-06-20,active,"[""TWN25"", ""CZE25"", ""IDN25"", ""MEX25""]"
466,466,SUBLARGE,2023-12-23,active,"[""TWN25"", ""CZE25"", ""IDN25"", ""MEX25""]"
467,467,SUBSMALL,2023-11-23,active,"[""TWN25"", ""CZE25"", ""IDN25"", ""MEX25""]"
468,468,SUBMEDIUM,2023-11-23,active,"[""KORAA"", ""ITAA"", ""ITAA"", ""KORAA""]"
469,469,SUBSMALL,2024-04-21,active,"[""TWN25"", ""CZE25"", ""GRCAA"", ""KORAA""]"
470,470,SUBLARGE,2024-06-20,active,"[""TWN25"", ""CZE25"", ""IDN25"", ""MEX25""]"
471,471,SUBMEDIUM,2023-05-27,active,"[""TWN25"", ""CZE25"", ""IDN25"", ""MEX25""]"
472,472,SUBSMALL,2024-05-21,active,"[""TWN25"", ""CZE25"", ""IDN25"", ""MEX25""]"
473,473,SUBLARGE,2024-02-21,active,"[""TWN25"", ""CZE25"", ""IDN25"", ""MEX25""]"
474,474,SUBMEDIUM,2023-07-26,active,"[""TWN25"", ""CZE25"", ""IDN25"", ""MEX25""]"
475,475,SUBSMALL,2025-04-16,active,"[""TWN25"", ""CZE25"", ""IDN25"", ""MEX25""]"
476,476,SUBMEDIUM,2023-11-23,active,"[""GRCAA"", ""CZE25"", ""KORAA"", ""MEX25""]"
477,477,SUBSMALL,2024-04-21,active,"[""TWN25"", ""CZE25"", ""IDN25"", ""MEX25""]"
478,478,SUBSMALL,2024-04-21,active,"[""GRCAA"", ""KORAA"", ""KORAA"", ""ITAA""]"
479,479,SUBSMALL,2024-10-18,active,"[""KORAA"", ""KORAA"", ""KORAA"", ""KORAA""]"
480,480,SUBMEDIUM,2024-07-20,active,"[""ITAA"", ""GRCAA"", ""IDN25"", ""GRCAA""]"
481,481,SUBMEDIUM,2025-02-15,active,"[""ITAA"", ""KORAA"", ""IDN25"", ""KORAA""]"
482,482,SUBMEDIUM,2024-08-19,active,"[""TWN25"", ""CZE25"", ""IDN25"", ""MEX25""]"
483,483,SUBMEDIUM,2024-09-18,active,"[""TWN25"", ""CZE25"", ""IDN25"", ""MEX25""]"
484,484,SUBLARGE,2023-09-24,active,"[""TWN25"", ""CZE25"", ""IDN25"", ""MEX25""]"
485,485,SUBSMALL,2024-10-18,active,"[""TWN25"", ""CZE25"", ""IDN25"", ""MEX25""]"
486,486,SUBMEDIUM,2024-01-22,active,"[""TWN25"", ""CZE25"", ""IDN25"", ""MEX25""]"
487,487,SUBMEDIUM,2023-07-26,active,"[""KORAA"", ""ITAA"", ""ITAA"", ""ITAA""]"
488,488,SUBMEDIUM,2024-07-20,active,"[""KORAA"", ""ITAA"", ""KORAA"", ""KORAA""]"
489,489,SUBMEDIUM,2024-05-21,active,"[""TWN25"", ""CZE25"", ""IDN25"", ""ITAA""]"
490,490,SUBSMALL,2023-06-26,active,"[""TWN25"", ""CZE25"", ""IDN25"", ""MEX25""]"
491,491,SUBMEDIUM,2024-04-21,active,"[""TWN25"", ""CZE25"", ""IDN25"", ""MEX25""]"
492,492,SUBSMALL,2023-06-26,active,"[""TWN25"", ""ITAA"", ""GRCAA"", ""ITAA""]"
493,493,SUBSMALL,2024-11-17,active,"[""TWN25"", ""CZE25"", ""IDN25"", ""MEX25""]"
494,494,SUBMEDIUM,2023-07-26,active,"[""TWN25"", ""GRCAA"", ""GRCAA"", ""MEX25""]"
495,495,SUBMEDIUM,2024-07-20,active,"[""TWN25"", ""CZE25"", ""IDN25"", ""MEX25""]"
496,496,SUBMEDIUM,2023-07-26,active,"[""ITAA"", ""ITAA"", ""IDN25"", ""ITAA""]"
497,497,SUBMEDIUM,2023-08-25,active,"[""TWN25"", ""CZE25"", ""IDN25"", ""MEX25""]"
498,498,SUBMEDIUM,2023-05-27,active,"[""GRCAA"", ""CZE25"", ""GRCAA"", ""GRCAA""]"
499,499,SUBMEDIUM,2023-09-24,active,"[""TWN25"", ""CZE25"", ""IDN25"", ""MEX25""]"
500,500,SUBMEDIUM,2023-11-23,active,"[""TWN25"", ""ITAA"", ""GRCAA"", ""MEX25""]"
501,501,SUBMEDIUM,2023-08-25,active,"[""KORAA"", ""GRCAA"", ""GRCAA"", ""KORAA""]"
502,502,SUBMEDIUM,2025-01-16,active,"[""TWN25"", ""CZE25"", ""IDN25"", ""MEX25""]"
503,503,SUBMEDIUM,2024-07-20,active,"[""TWN25"", ""CZE25"", ""IDN25"", ""MEX25""]"
504,504,SUBLARGE,2023-07-26,active,"[""TWN25"", ""GRCAA"", ""ITAA"", ""MEX25""]"
505,505,SUBMEDIUM,2023-08-25,active,"[""TWN25"", ""CZE25"", ""IDN25"", ""MEX25""]"
506,506,SUBMEDIUM,2025-02-15,active,"[""TWN25"", ""CZE25"", ""IDN25"", ""MEX25""]"
507,507,SUBMEDIUM,2025-01-16,active,"[""TWN25"", ""CZE25"", ""IDN25"", ""MEX25""]"
508,508,SUBLARGE,2023-06-26,active,"[""KORAA"", ""GRCAA"", ""KORAA"", ""KORAA""]"
509,509,SUBMEDIUM,2024-12-17,active,"[""TWN25"", ""CZE25"", ""IDN25"", ""MEX25""]"
510,510,SUBLARGE,2024-04-21,active,"[""TWN25"", ""CZE25"", ""IDN25"", ""MEX25""]"
511,511,SUBMEDIUM,2023-07-26,active,"[""GRCAA"", ""CZE25"", ""ITAA"", ""KORAA""]"
512,512,SUBMEDIUM,2023-09-24,active,"[""TWN25"", ""CZE25"", ""IDN25"", ""MEX25""]"
513,513,SUBMEDIUM,2024-11-17,active,"[""TWN25"", ""CZE25"", ""IDN25"", ""MEX25""]"
514,514,SUBMEDIUM,2025-03-17,active,"[""ITAA"", ""CZE25"", ""IDN25"", ""ITAA""]"
515,515,SUBMEDIUM,2024-05-21,active,"[""TWN25"", ""CZE25"", ""IDN25"", ""MEX25""]"
516,516,SUBSMALL,2024-04-21,active,"[""ITAA"", ""ITAA"", ""ITAA"", ""ITAA""]"
517,517,SUBLARGE,2023-07-26,active,"[""KORAA"", ""GRCAA"", ""KORAA"", ""MEX25""]"
518,518,SUBSMALL,2024-08-19,active,"[""TWN25"", ""CZE25"", ""IDN25"", ""MEX25""]"
519,519,SUBMEDIUM,2023-09-24,active,"[""TWN25"", ""CZE25"", ""IDN25"", ""MEX25""]"
520,520,SUBMEDIUM,2024-05-21,active,"[""TWN25"", ""CZE25"", ""GRCAA"", ""KORAA""]"
521,521,SUBSMALL,2024-06-20,active,"[""TWN25"", ""ITAA"", ""IDN25"", ""GRCAA""]"
522,522,SUBMEDIUM,2023-12-23,active,"[""TWN25"", ""CZE25"", ""IDN25"", ""MEX25""]"
523,523,SUBMEDIUM,2023-05-27,active,"[""GRCAA"", ""ITAA"", ""ITAA"", ""KORAA""]"
524,524,SUBSMALL,2023-09-24,active,"[""TWN25"", ""CZE25"", ""IDN25"", ""MEX25""]"
525,525,SUBSMALL,2025-03-17,active,"[""TWN25"", ""ITAA"", ""IDN25"", ""GRCAA""]"
526,526,SUBSMALL,2025-04-16,active,"[""ITAA"", ""ITAA"", ""KORAA"", ""MEX25""]"
527,527,SUBLARGE,2024-12-17,active,"[""TWN25"", ""CZE25"", ""IDN25"", ""MEX25""]"
528,528,SUBSMALL,2023-10-24,active,"[""KORAA"", ""GRCAA"", ""KORAA"", ""GRCAA""]"
529,529,SUBLARGE,2023-05-27,active,"[""ITAA"", ""ITAA"", ""KORAA"", ""KORAA""]"
530,530,SUBSMALL,2024-10-18,active,"[""TWN25"", ""CZE25"", ""IDN25"", ""MEX25""]"
531,531,SUBMEDIUM,2024-02-21,active,"[""TWN25"", ""CZE25"", ""IDN25"", ""MEX25""]"
532,532,SUBMEDIUM,2023-06-26,active,"[""GRCAA"", ""KORAA"", ""GRCAA"", ""ITAA""]"
533,533,SUBSMALL,2024-04-21,active,"[""GRCAA"", ""GRCAA"", ""KORAA"", ""KORAA""]"
534,534,SUBMEDIUM,2024-09-18,active,"[""KORAA"", ""CZE25"", ""IDN25"", ""ITAA""]"
535,535,SUBMEDIUM,2024-11-17,active,"[""TWN25"", ""ITAA"", ""KORAA"", ""ITAA""]"
536,536,SUBMEDIUM,2023-06-26,active,"[""TWN25"", ""CZE25"", ""IDN25"", ""MEX25""]"
537,537,SUBLARGE,2024-06-20,active,"[""TWN25"", ""CZE25"", ""IDN25"", ""MEX25""]"
538,538,SUBMEDIUM,2023-11-23,active,"[""TWN25"", ""CZE25"", ""IDN25"", ""MEX25""]"
539,539,SUBSMALL,2024-09-18,active,"[""TWN25"", ""CZE25"", ""IDN25"", ""MEX25""]"
540,540,SUBLARGE,2023-12-23,active,"[""GRCAA"", ""ITAA"", ""GRCAA"", ""MEX25""]"
541,541,SUBMEDIUM,2025-04-16,active,"[""TWN25"", ""ITAA"", ""ITAA"", ""GRCAA""]"
542,542,SUBMEDIUM,2024-01-22,active,"[""TWN25"", ""CZE25"", ""KORAA"", ""KORAA""]"
543,543,SUBMEDIUM,2023-11-23,active,"[""GRCAA"", ""KORAA"", ""ITAA"", ""MEX25""]"
544,544,SUBLARGE,2024-01-22,active,"[""TWN25"", ""CZE25"", ""IDN25"", ""MEX25""]"
545,545,SUBMEDIUM,2023-08-25,active,"[""TWN25"", ""ITAA"", ""IDN25"", ""ITAA""]"
546,546,SUBLARGE,2024-11-17,active,"[""TWN25"", ""CZE25"", ""IDN25"", ""MEX25""]"
547,547,SUBSMALL,2024-11-17,active,"[""ITAA"", ""KORAA"", ""KORAA"", ""KORAA""]"
548,548,SUBLARGE,2023-06-26,active,"[""ITAA"", ""CZE25"", ""ITAA"", ""MEX25""]"
549,549,SUBSMALL,2023-07-26,active,"[""ITAA"", ""CZE25"", ""IDN25"", ""ITAA""]"
550,550,SUBMEDIUM,2024-10-18,active,"[""ITAA"", ""CZE25"", ""ITAA"", ""GRCAA""]"
551,551,SUBMEDIUM,2025-04-16,active,"[""TWN25"", ""CZE25"", ""IDN25"", ""MEX25""]"
552,552,SUBSMALL,2023-12-23,active,"[""TWN25"", ""CZE25"", ""IDN25"", ""MEX25""]"
553,553,SUBMEDIUM,2024-11-17,active,"[""TWN25"", ""CZE25"", ""IDN25"", ""MEX25""]"
554,554,SUBSMALL,2025-02-15,active,"[""TWN25"", ""CZE25"", ""IDN25"", ""MEX25""]"
555,555,SUBSMALL,2024-03-22,active,"[""TWN25"", ""CZE25"", ""IDN25"", ""MEX25""]"
556,556,SUBMEDIUM,2024-03-22,active,"[""TWN25"", ""CZE25"", ""IDN25"", ""MEX25""]"
557,557,SUBMEDIUM,2023-08-25,active,"[""KORAA"", ""GRCAA"", ""GRCAA"", ""KORAA""]"
558,558,SUBMEDIUM,2023-08-25,active,"[""TWN25"", ""KORAA"", ""IDN25"", ""GRCAA""]"
559,559,SUBSMALL,2024-01-22,active,"[""TWN25"", ""ITAA"", ""GRCAA"", ""GRCAA""]"
560,560,SUBMEDIUM,2024-01-22,active,"[""ITAA"", ""KORAA"", ""KORAA"", ""KORAA""]"
561,561,SUBMEDIUM,2024-06-20,active,"[""TWN25"", ""CZE25"", ""IDN25"", ""MEX25""]"
562,562,SUBSMALL,2023-06-26,active,"[""ITAA"", ""ITAA"", ""GRCAA"", ""ITAA""]"
563,563,SUBSMALL,2024-02-21,active,"[""TWN25"", ""GRCAA"", ""ITAA"", ""ITAA""]"
564,564,SUBSMALL,2023-08-25,active,"[""TWN25"", ""KORAA"", ""ITAA"", ""KORAA""]"
565,565,SUBSMALL,2025-01-16,active,"[""GRCAA"", ""CZE25"", ""GRCAA"", ""KORAA""]"
566,566,SUBSMALL,2024-02-21,active,"[""TWN25"", ""CZE25"", ""IDN25"", ""MEX25""]"
567,567,SUBMEDIUM,2024-09-18,active,"[""TWN25"", ""CZE25"", ""IDN25"", ""MEX25""]"
568,568,SUBSMALL,2025-01-16,active,"[""KORAA"", ""KORAA"", ""KORAA"", ""MEX25""]"
569,569,SUBLARGE,2024-06-20,active,"[""TWN25"", ""CZE25"", ""IDN25"", ""MEX25""]"
570,570,SUBSMALL,2024-05-21,active,"[""KORAA"", ""ITAA"", ""IDN25"", ""ITAA""]"
571,571,SUBMEDIUM,2023-05-27,active,"[""TWN25"", ""KORAA"", ""IDN25"", ""KORAA""]"
572,572,SUBLARGE,2023-09-24,active,"[""TWN25"", ""CZE25"", ""IDN25"", ""MEX25""]"
573,573,SUBMEDIUM,2024-10-18,active,"[""TWN25"", ""CZE25"", ""IDN25"", ""MEX25""]"
574,574,SUBMEDIUM,2024-05-21,active,"[""TWN25"", ""CZE25"", ""IDN25"", ""MEX25""]"
575,575,SUBSMALL,2024-07-20,active,"[""TWN25"", ""CZE25"", ""IDN25"", ""MEX25""]"
576,576,SUBSMALL,2024-04-21,active,"[""ITAA"", ""KORAA"", ""KORAA"", ""MEX25""]"
577,577,SUBLARGE,2024-08-19,active,"[""KORAA"", ""CZE25"", ""ITAA"", ""KORAA""]"
578,578,SUBSMALL,2024-07-20,active,"[""GRCAA"", ""GRCAA"", ""GRCAA"", ""MEX25""]"
579,579,SUBSMALL,2024-12-17,active,"[""TWN25"", ""CZE25"", ""IDN25"", ""MEX25""]"
580,580,SUBSMALL,2023-05-27,active,"[""TWN25"", ""CZE25"", ""IDN25"", ""MEX25""]"
581,581,SUBMEDIUM,2024-10-18,active,"[""KORAA"", ""CZE25"", ""KORAA"", ""ITAA""]"
582,582,SUBMEDIUM,2025-04-16,active,"[""ITAA"", ""KORAA"", ""IDN25"", ""ITAA""]"
583,583,SUBSMALL,2024-05-21,active,"[""TWN25"", ""CZE25"", ""IDN25"", ""MEX25""]"
584,584,SUBLARGE,2023-06-26,active,"[""TWN25"", ""CZE25"", ""IDN25"", ""MEX25""]"
585,585,SUBMEDIUM,2023-07-26,active,"[""TWN25"", ""CZE25"", ""IDN25"", ""MEX25""]"
586,586,SUBSMALL,2024-02-21,active,"[""TWN25"", ""CZE25"", ""IDN25"", ""MEX25""]"
587,587,SUBSMALL,2024-10-18,active,"[""GRCAA"", ""ITAA"", ""KORAA"", ""MEX25""]"
588,588,SUBMEDIUM,2025-03-17,active,"[""TWN25"", ""CZE25"", ""IDN25"", ""MEX25""]"
589,589,SUBSMALL,2024-10-18,active,"[""TWN25"", ""KORAA"", ""ITAA"", ""KORAA""]"
590,590,SUBMEDIUM,2024-10-18,active,"[""TWN25"", ""CZE25"", ""IDN25"", ""MEX25""]"
591,591,SUBMEDIUM,2024-06-20,active,"[""ITAA"", ""GRCAA"", ""GRCAA"", ""KORAA""]"
592,592,SUBSMALL,2024-11-17,active,"[""KORAA"", ""GRCAA"", ""ITAA"", ""MEX25""]"
593,593,SUBSMALL,2024-09-18,active,"[""TWN25"", ""CZE25"", ""IDN25"", ""MEX25""]"
594,594,SUBMEDIUM,2025-01-16,active,"[""TWN25"", ""CZE25"", ""IDN25"", ""MEX25""]"
595,595,SUBSMALL,2024-09-18,active,"[""TWN25"", ""CZE25"", ""IDN25"", ""MEX25""]"
596,596,SUBMEDIUM,2024-11-17,active,"[""TWN25"", ""ITAA"", ""GRCAA"", ""MEX25""]"
597,597,SUBMEDIUM,2025-03-17,active,"[""TWN25"", ""CZE25"", ""IDN25"", ""MEX25""]"
598,598,SUBMEDIUM,2024-05-21,active,"[""ITAA"", ""GRCAA"", ""IDN25"", ""GRCAA""]"
599,599,SUBLARGE,2023-11-23,active,"[""TWN25"", ""CZE25"", ""IDN25"", ""MEX25""]"
600,600,SUBMEDIUM,2024-05-21,active,"[""TWN25"", ""KORAA"", ""ITAA"", ""KORAA""]"
601,601,SUBMEDIUM,2023-06-26,active,"[""TWN25"", ""CZE25"", ""IDN25"", ""MEX25""]"
602,602,SUBMEDIUM,2024-11-17,active,"[""TWN25"", ""ITAA"", ""KORAA"", ""ITAA""]"
603,603,SUBMEDIUM,2024-09-18,active,"[""KORAA"", ""GRCAA"", ""KORAA"", ""GRCAA""]"
604,604,SUBLARGE,2024-02-21,active,"[""TWN25"", ""CZE25"", ""IDN25"", ""MEX25""]"
605,605,SUBSMALL,2024-01-22,active,"[""KORAA"", ""KORAA"", ""KORAA"", ""MEX25""]"
606,606,SUBMEDIUM,2024-05-21,active,"[""TWN25"", ""GRCAA"", ""GRCAA"", ""GRCAA""]"
607,607,SUBMEDIUM,2024-01-22,active,"[""TWN25"", ""CZE25"", ""IDN25"", ""MEX25""]"
608,608,SUBMEDIUM,2023-06-26,active,"[""TWN25"", ""CZE25"", ""IDN25"", ""MEX25""]"
609,609,SUBMEDIUM,2024-09-18,active,"[""KORAA"", ""CZE25"", ""GRCAA"", ""GRCAA""]"
610,610,SUBMEDIUM,2025-04-16,active,"[""TWN25"", ""KORAA"", ""IDN25"", ""GRCAA""]"
611,611,SUBMEDIUM,2023-11-23,active,"[""TWN25"", ""CZE25"", ""IDN25"", ""MEX25""]"
612,612,SUBMEDIUM,2025-04-16,active,"[""TWN25"", ""CZE25"", ""IDN25"", ""MEX25""]"
613,613,SUBMEDIUM,2024-05-21,active,"[""TWN25"", ""CZE25"", ""IDN25"", ""MEX25""]"
614,614,SUBMEDIUM,2025-03-17,active,"[""TWN25"", ""KORAA"", ""GRCAA"", ""MEX25""]"
615,615,SUBSMALL,2024-04-21,active,"[""KORAA"", ""CZE25"", ""IDN25"", ""KORAA""]"
616,616,SUBLARGE,2024-08-19,active,"[""TWN25"", ""CZE25"", ""IDN25"", ""MEX25""]"
617,617,SUBMEDIUM,2025-02-15,active,"[""TWN25"", ""CZE25"", ""IDN25"", ""MEX25""]"
618,618,SUBMEDIUM,2023-06-26,active,"[""KORAA"", ""GRCAA"", ""KORAA"", ""ITAA""]"
619,619,SUBSMALL,2023-07-26,active,"[""TWN25"", ""CZE25"", ""IDN25"", ""MEX25""]"
620,620,SUBMEDIUM,2023-07-26,active,"[""GRCAA"", ""CZE25"", ""GRCAA"", ""KORAA""]"
621,621,SUBMEDIUM,2023-12-23,active,"[""TWN25"", ""CZE25"", ""IDN25"", ""MEX25""]"
622,622,SUBSMALL,2023-11-23,active,"[""TWN25"", ""ITAA"", ""KORAA"", ""GRCAA""]"
623,623,SUBMEDIUM,2024-03-22,active,"[""TWN25"", ""CZE25"", ""IDN25"", ""MEX25""]"
624,624,SUBMEDIUM,2024-01-22,active,"[""ITAA"", ""GRCAA"", ""KORAA"", ""MEX25""]"
625,625,SUBSMALL,2025-02-15,active,"[""KORAA"", ""ITAA"", ""KORAA"", ""ITAA""]"
626,626,SUBSMALL,2023-09-24,active,"[""KORAA"", ""GRCAA"", ""KORAA"", ""MEX25""]"
627,627,SUBMEDIUM,2023-07-26,active,"[""TWN25"", ""GRCAA"", ""ITAA"", ""KORAA""]"
628,628,SUBSMALL,2024-01-22,active,"[""KORAA"", ""KORAA"", ""IDN25"", ""GRCAA""]"
629,629,SUBMEDIUM,2024-08-19,active,"[""KORAA"", ""CZE25"", ""IDN25"", ""MEX25""]"
630,630,SUBSMALL,2023-08-25,active,"[""TWN25"", ""CZE25"", ""IDN25"", ""MEX25""]"
631,631,SUBSMALL,2024-02-21,active,"[""GRCAA"", ""CZE25"", ""GRCAA"", ""GRCAA""]"
632,632,SUBLARGE,2024-04-21,active,"[""TWN25"", ""CZE25"", ""IDN25"", ""MEX25""]"
633,633,SUBLARGE,2023-09-24,active,"[""TWN25"", ""CZE25"", ""IDN25"", ""MEX25""]"
634,634,SUBMEDIUM,2024-11-17,active,"[""GRCAA"", ""CZE25"", ""ITAA"", ""KORAA""]"
635,635,SUBMEDIUM,2023-06-26,active,"[""ITAA"", ""ITAA"", ""ITAA"", ""MEX25""]"
636,636,SUBMEDIUM,2024-07-20,active,"[""TWN25"", ""KORAA"", ""KORAA"", ""ITAA""]"
637,637,SUBMEDIUM,2023-05-27,active,"[""ITAA"", ""CZE25"", ""ITAA"", ""ITAA""]"
638,638,SUBSMALL,2023-08-25,active,"[""TWN25"", ""CZE25"", ""IDN25"", ""MEX25""]"
639,639,SUBSMALL,2024-03-22,active,"[""ITAA"", ""ITAA"", ""GRCAA"", ""GRCAA""]"
640,640,SUBSMALL,2025-01-16,active,"[""TWN25"", ""CZE25"", ""IDN25"", ""MEX25""]"
641,641,SUBMEDIUM,2024-09-18,active,"[""TWN25"", ""CZE25"", ""IDN25"", ""MEX25""]"
642,642,SUBMEDIUM,2024-10-18,active,"[""TWN25"", ""CZE25"", ""IDN25"", ""MEX25""]"
643,643,SUBSMALL,2023-09-24,active,"[""GRCAA"", ""GRCAA"", ""KORAA"", ""ITAA""]"
644,644,SUBMEDIUM,2024-12-17,active,"[""GRCAA"", ""ITAA"", ""KORAA"", ""GRCAA""]"
645,645,SUBSMALL,2024-10-18,active,"[""ITAA"", ""GRCAA"", ""KORAA"", ""KORAA""]"
646,646,SUBSMALL,2023-07-26,active,"[""TWN25"", ""CZE25"", ""IDN25"", ""MEX25""]"
647,647,SUBLARGE,2023-06-26,active,"[""KORAA"", ""KORAA"", ""ITAA"", ""MEX25""]"
648,648,SUBSMALL,2024-02-21,active,"[""TWN25"", ""KORAA"", ""ITAA"", ""KORAA""]"
649,649,SUBSMALL,2024-12-17,active,"[""TWN25"", ""CZE25"", ""IDN25"", ""MEX25""]"
650,650,SUBSMALL,2023-08-25,active,"[""TWN25"", ""CZE25"", ""IDN25"", ""MEX25""]"
651,651,SUBMEDIUM,2024-04-21,active,"[""TWN25"", ""CZE25"", ""KORAA"", ""MEX25""]"
652,652,SUBLARGE,2025-01-16,active,"[""TWN25"", ""CZE25"", ""IDN25"", ""MEX25""]"
653,653,SUBMEDIUM,2023-12-23,active,"[""TWN25"", ""CZE25"", ""IDN25"", ""MEX25""]"
654,654,SUBMEDIUM,2023-08-25,active,"[""GRCAA"", ""GRCAA"", ""ITAA"", ""MEX25""]"
655,655,SUBMEDIUM,2025-01-16,active,"[""KORAA"", ""GRCAA"", ""GRCAA"", ""GRCAA""]"
656,656,SUBMEDIUM,2025-02-15,active,"[""TWN25"", ""CZE25"", ""IDN25"", ""MEX25""]"
657,657,SUBMEDIUM,2023-09-24,active,"[""TWN25"", ""CZE25"", ""IDN25"", ""MEX25""]"
658,658,SUBLARGE,2024-07-20,active,"[""TWN25"", ""KORAA"", ""IDN25"", ""MEX25""]"
659,659,SUBLARGE,2023-12-23,active,"[""TWN25"", ""CZE25"", ""IDN25"", ""MEX25""]"
660,660,SUBMEDIUM,2024-08-19,active,"[""TWN25"", ""KORAA"", ""GRCAA"", ""GRCAA""]"
661,661,SUBSMALL,2024-07-20,active,"[""TWN25"", ""CZE25"", ""IDN25"", ""MEX25""]"
662,662,SUBLARGE,2024-09-18,active,"[""TWN25"", ""CZE25"", ""IDN25"", ""MEX25""]"
663,663,SUBMEDIUM,2024-06-20,active,"[""ITAA"", ""KORAA"", ""GRCAA"", ""ITAA""]"
664,664,SUBMEDIUM,2023-12-23,active,"[""TWN25"", ""CZE25"", ""IDN25"", ""MEX25""]"
665,665,SUBMEDIUM,2023-06-26,active,"[""GRCAA"", ""CZE25"", ""ITAA"", ""MEX25""]"
666,666,SUBMEDIUM,2025-04-16,active,"[""ITAA"", ""CZE25"", ""GRCAA"", ""MEX25""]"
667,667,SUBSMALL,2023-06-26,active,"[""ITAA"", ""CZE25"", ""IDN25"", ""ITAA""]"
668,668,SUBSMALL,2023-05-27,active,"[""TWN25"", ""CZE25"", ""IDN25"", ""MEX25""]"
669,669,SUBSMALL,2023-09-24,active,"[""TWN25"", ""GRCAA"", ""KORAA"", ""ITAA""]"
670,670,SUBSMALL,2024-06-20,active,"[""TWN25"", ""CZE25"", ""IDN25"", ""MEX25""]"
671,671,SUBLARGE,2023-10-24,active,"[""ITAA"", ""ITAA"", ""GRCAA"", ""ITAA""]"
672,672,SUBSMALL,2024-12-17,active,"[""TWN25"", ""CZE25"", ""IDN25"", ""MEX25""]"
673,673,SUBMEDIUM,2023-07-26,active,"[""TWN25"", ""CZE25"", ""IDN25"", ""MEX25""]"
674,674,SUBMEDIUM,2024-07-20,active,"[""KORAA"", ""ITAA"", ""GRCAA"", ""GRCAA""]"
675,675,SUBLARGE,2024-09-18,active,"[""TWN25"", ""CZE25"", ""IDN25"", ""MEX25""]"
676,676,SUBMEDIUM,2024-08-19,active,"[""TWN25"", ""CZE25"", ""IDN25"", ""MEX25""]"
677,677,SUBMEDIUM,2023-11-23,active,"[""TWN25"", ""CZE25"", ""IDN25"", ""MEX25""]"
678,678,SUBSMALL,2025-01-16,active,"[""TWN25"", ""CZE25"", ""IDN25"", ""MEX25""]"
679,679,SUBMEDIUM,2024-03-22,active,"[""TWN25"", ""CZE25"", ""IDN25"", ""MEX25""]"
680,680,SUBSMALL,2023-06-26,active,"[""KORAA"", ""ITAA"", ""KORAA"", ""KORAA""]"
681,681,SUBMEDIUM,2024-05-21,active,"[""TWN25"", ""CZE25"", ""IDN25"", ""MEX25""]"
682,682,SUBMEDIUM,2025-03-17,active,"[""TWN25"", ""CZE25"", ""IDN25"", ""MEX25""]"
683,683,SUBMEDIUM,2023-08-25,active,"[""TWN25"", ""CZE25"", ""IDN25"", ""MEX25""]"
684,684,SUBLARGE,2024-01-22,active,"[""TWN25"", ""CZE25"", ""IDN25"", ""MEX25""]"
685,685,SUBMEDIUM,2025-03-17,active,"[""ITAA"", ""KORAA"", ""ITAA"", ""MEX25""]"
686,686,SUBLARGE,2023-06-26,active,"[""TWN25"", ""CZE25"", ""GRCAA"", ""ITAA""]"
687,687,SUBMEDIUM,2023-11-23,active,"[""TWN25"", ""CZE25"", ""IDN25"", ""MEX25""]"
688,688,SUBLARGE,2023-09-24,active,"[""TWN25"", ""CZE25"", ""IDN25"", ""MEX25""]"
689,689,SUBSMALL,2023-10-24,active,"[""TWN25"", ""CZE25"", ""IDN25"", ""MEX25""]"
690,690,SUBLARGE,2023-05-27,active,"[""TWN25"", ""CZE25"", ""IDN25"", ""MEX25""]"
691,691,SUBLARGE,2023-06-26,active,"[""ITAA"", ""CZE25"", ""GRCAA"", ""MEX25""]"
692,692,SUBMEDIUM,2023-08-25,active,"[""TWN25"", ""CZE25"", ""IDN25"", ""MEX25""]"
693,693,SUBMEDIUM,2023-08-25,active,"[""KORAA"", ""GRCAA"", ""KORAA"", ""GRCAA""]"
694,694,SUBMEDIUM,2023-06-26,active,"[""GRCAA"", ""GRCAA"", ""ITAA"", ""GRCAA""]"
695,695,SUBMEDIUM,2024-06-20,active,"[""TWN25"", ""CZE25"", ""IDN25"", ""MEX25""]"
696,696,SUBSMALL,2024-04-21,active,"[""TWN25"", ""CZE25"", ""IDN25"", ""MEX25""]"
697,697,SUBSMALL,2023-08-25,active,"[""ITAA"", ""GRCAA"", ""ITAA"", ""KORAA""]"
698,698,SUBSMALL,2023-10-24,active,"[""ITAA"", ""GRCAA"", ""GRCAA"", ""MEX25""]"
699,699,SUBMEDIUM,2024-12-17,active,"[""TWN25"", ""CZE25"", ""IDN25"", ""MEX25""]"
700,700,SUBMEDIUM,2023-05-27,active,"[""TWN25"", ""CZE25"", ""IDN25"", ""MEX25""]"
701,701,SUBMEDIUM,2023-07-26,active,"[""TWN25"", ""CZE25"", ""IDN25"", ""MEX25""]"
702,702,SUBMEDIUM,2024-10-18,active,"[""TWN25"", ""CZE25"", ""IDN25"", ""MEX25""]"
703,703,SUBMEDIUM,2024-12-17,active,"[""TWN25"", ""CZE25"", ""IDN25"", ""MEX25""]"
704,704,SUBSMALL,2024-07-20,active,"[""KORAA"", ""GRCAA"", ""GRCAA"", ""MEX25""]"
705,705,SUBMEDIUM,2025-02-15,active,"[""TWN25"", ""CZE25"", ""IDN25"", ""MEX25""]"
706,706,SUBLARGE,2024-09-18,active,"[""TWN25"", ""CZE25"", ""IDN25"", ""MEX25""]"
707,707,SUBSMALL,2024-07-20,active,"[""KORAA"", ""ITAA"", ""IDN25"", ""KORAA""]"
708,708,SUBMEDIUM,2024-03-22,active,"[""TWN25"", ""CZE25"", ""IDN25"", ""MEX25""]"
709,709,SUBMEDIUM,2025-03-17,active,"[""TWN25"", ""CZE25"", ""IDN25"", ""MEX25""]"
710,710,SUBMEDIUM,2024-04-21,active,"[""TWN25"", ""CZE25"", ""IDN25"", ""MEX25""]"
711,711,SUBMEDIUM,2025-01-16,active,"[""TWN25"", ""CZE25"", ""IDN25"", ""MEX25""]"
712,712,SUBSMALL,2023-07-26,active,"[""GRCAA"", ""CZE25"", ""KORAA"", ""KORAA""]"
713,713,SUBMEDIUM,2023-08-25,active,"[""TWN25"", ""CZE25"", ""IDN25"", ""MEX25""]"
714,714,SUBMEDIUM,2024-06-20,active,"[""TWN25"", ""CZE25"", ""IDN25"", ""MEX25""]"
715,715,SUBMEDIUM,2023-06-26,active,"[""TWN25"", ""CZE25"", ""IDN25"", ""MEX25""]"
716,716,SUBMEDIUM,2023-10-24,active,"[""TWN25"", ""KORAA"", ""GRCAA"", ""ITAA""]"
717,717,SUBMEDIUM,2023-09-24,active,"[""TWN25"", ""CZE25"", ""IDN25"", ""MEX25""]"
718,718,SUBMEDIUM,2023-07-26,active,"[""ITAA"", ""KORAA"", ""IDN25"", ""KORAA""]"
719,719,SUBMEDIUM,2024-09-18,active,"[""TWN25"", ""CZE25"", ""IDN25"", ""MEX25""]"
720,720,SUBSMALL,2024-07-20,active,"[""KORAA"", ""KORAA"", ""GRCAA"", ""GRCAA""]"
721,721,SUBMEDIUM,2023-09-24,active,"[""TWN25"", ""CZE25"", ""IDN25"", ""MEX25""]"
722,722,SUBMEDIUM,2024-10-18,active,"[""TWN25"", ""CZE25"", ""IDN25"", ""MEX25""]"
723,723,SUBMEDIUM,2024-03-22,active,"[""ITAA"", ""GRCAA"", ""IDN25"", ""GRCAA""]"
724,724,SUBSMALL,2023-09-24,active,"[""GRCAA"", ""GRCAA"", ""KORAA"", ""GRCAA""]"
725,725,SUBMEDIUM,2023-11-23,active,"[""TWN25"", ""CZE25"", ""IDN25"", ""MEX25""]"
726,726,SUBMEDIUM,2023-10-24,active,"[""TWN25"", ""ITAA"", ""KORAA"", ""ITAA""]"
727,727,SUBSMALL,2024-04-21,active,"[""TWN25"", ""CZE25"", ""IDN25"", ""MEX25""]"
728,728,SUBMEDIUM,2024-11-17,active,"[""TWN25"", ""ITAA"", ""GRCAA"", ""GRCAA""]"
729,729,SUBMEDIUM,2024-04-21,active,"[""TWN25"", ""CZE25"", ""IDN25"", ""MEX25""]"
730,730,SUBSMALL,2023-06-26,active,"[""TWN25"", ""CZE25"", ""IDN25"", ""MEX25""]"
731,731,SUBMEDIUM,2025-04-16,active,"[""TWN25"", ""CZE25"", ""IDN25"", ""MEX25""]"
732,732,SUBSMALL,2023-09-24,active,"[""TWN25"", ""CZE25"", ""IDN25"", ""MEX25""]"
733,733,SUBSMALL,2024-02-21,active,"[""TWN25"", ""CZE25"", ""IDN25"", ""MEX25""]"
734,734,SUBLARGE,2023-07-26,active,"[""TWN25"", ""CZE25"", ""IDN25"", ""MEX25""]"
735,735,SUBMEDIUM,2023-12-23,active,"[""KORAA"", ""GRCAA"", ""GRCAA"", ""GRCAA""]"
736,736,SUBSMALL,2024-02-21,active,"[""TWN25"", ""CZE25"", ""IDN25"", ""MEX25""]"
737,737,SUBMEDIUM,2024-03-22,active,"[""GRCAA"", ""ITAA"", ""ITAA"", ""MEX25""]"
738,738,SUBLARGE,2024-12-17,active,"[""TWN25"", ""GRCAA"", ""IDN25"", ""KORAA""]"
739,739,SUBSMALL,2024-04-21,active,"[""TWN25"", ""CZE25"", ""IDN25"", ""MEX25""]"
740,740,SUBMEDIUM,2023-07-26,active,"[""TWN25"", ""CZE25"", ""IDN25"", ""MEX25""]"
741,741,SUBSMALL,2023-12-23,active,"[""ITAA"", ""CZE25"", ""ITAA"", ""MEX25""]"
742,742,SUBSMALL,2025-02-15,active,"[""KORAA"", ""KORAA"", ""ITAA"", ""MEX25""]"
743,743,SUBMEDIUM,2024-12-17,active,"[""TWN25"", ""CZE25"", ""IDN25"", ""MEX25""]"
744,744,SUBMEDIUM,2023-08-25,active,"[""TWN25"", ""CZE25"", ""IDN25"", ""MEX25""]"
745,745,SUBMEDIUM,2024-12-17,active,"[""TWN25"", ""CZE25"", ""IDN25"", ""MEX25""]"
746,746,SUBMEDIUM,2025-01-16,active,"[""KORAA"", ""ITAA"", ""ITAA"", ""KORAA""]"
747,747,SUBLARGE,2023-05-27,active,"[""TWN25"", ""CZE25"", ""IDN25"", ""MEX25""]"
748,748,SUBMEDIUM,2024-11-17,active,"[""TWN25"", ""KORAA"", ""KORAA"", ""GRCAA""]"
749,749,SUBSMALL,2023-09-24,active,"[""TWN25"", ""CZE25"", ""IDN25"", ""MEX25""]"
750,750,SUBMEDIUM,2025-01-16,active,"[""TWN25"", ""CZE25"", ""IDN25"", ""MEX25""]"
751,751,SUBSMALL,2023-05-27,active,"[""GRCAA"", ""KORAA"", ""KORAA"", ""KORAA""]"
752,752,SUBSMALL,2025-02-15,active,"[""ITAA"", ""GRCAA"", ""KORAA"", ""GRCAA""]"
753,753,SUBLARGE,2024-01-22,active,"[""KORAA"", ""ITAA"", ""KORAA"", ""MEX25""]"
754,754,SUBMEDIUM,2024-05-21,active,"[""TWN25"", ""CZE25"", ""GRCAA"", ""GRCAA""]"
755,755,SUBSMALL,2023-11-23,active,"[""TWN25"", ""CZE25"", ""IDN25"", ""MEX25""]"
756,756,SUBLARGE,2023-08-25,active,"[""TWN25"", ""CZE25"", ""IDN25"", ""MEX25""]"
757,757,SUBMEDIUM,2025-04-16,active,"[""TWN25"", ""CZE25"", ""IDN25"", ""MEX25""]"
758,758,SUBMEDIUM,2024-11-17,active,"[""ITAA"", ""ITAA"", ""KORAA"", ""GRCAA""]"
759,759,SUBMEDIUM,2023-09-24,active,"[""TWN25"", ""CZE25"", ""IDN25"", ""MEX25""]"
760,760,SUBSMALL,2024-01-22,active,"[""TWN25"", ""CZE25"", ""IDN25"", ""MEX25""]"
761,761,SUBLARGE,2024-07-20,active,"[""KORAA"", ""GRCAA"", ""GRCAA"", ""GRCAA""]"
762,762,SUBMEDIUM,2024-12-17,active,"[""TWN25"", ""CZE25"", ""IDN25"", ""MEX25""]"
763,763,SUBLARGE,2023-11-23,active,"[""TWN25"", ""ITAA"", ""ITAA"", ""KORAA""]"
764,764,SUBSMALL,2023-12-23,active,"[""TWN25"", ""CZE25"", ""IDN25"", ""MEX25""]"
765,765,SUBMEDIUM,2023-08-25,active,"[""GRCAA"", ""GRCAA"", ""IDN25"", ""MEX25""]"
766,766,SUBSMALL,2023-11-23,active,"[""TWN25"", ""GRCAA"", ""ITAA"", ""KORAA""]"
767,767,SUBSMALL,2023-07-26,active,"[""ITAA"", ""CZE25"", ""IDN25"", ""GRCAA""]"
768,768,SUBSMALL,2025-03-17,active,"[""GRCAA"", ""KORAA"", ""ITAA"", ""MEX25""]"
769,769,SUBMEDIUM,2023-12-23,active,"[""TWN25"", ""CZE25"", ""IDN25"", ""MEX25""]"
770,770,SUBMEDIUM,2024-11-17,active,"[""KORAA"", ""KORAA"", ""KORAA"", ""MEX25""]"
771,771,SUBMEDIUM,2024-12-17,active,"[""KORAA"", ""KORAA"", ""GRCAA"", ""MEX25""]"
772,772,SUBMEDIUM,2025-03-17,active,"[""TWN25"", ""CZE25"", ""IDN25"", ""MEX25""]"
773,773,SUBLARGE,2023-10-24,active,"[""TWN25"", ""ITAA"", ""KORAA"", ""GRCAA""]"
774,774,SUBSMALL,2024-09-18,active,"[""KORAA"", ""GRCAA"", ""ITAA"", ""KORAA""]"
775,775,SUBLARGE,2023-10-24,active,"[""TWN25"", ""CZE25"", ""IDN25"", ""MEX25""]"
776,776,SUBMEDIUM,2024-10-18,active,"[""TWN25"", ""GRCAA"", ""KORAA"", ""ITAA""]"
777,777,SUBMEDIUM,2023-09-24,active,"[""KORAA"", ""ITAA"", ""GRCAA"", ""GRCAA""]"
778,778,SUBLARGE,2023-07-26,active,"[""GRCAA"", ""GRCAA"", ""KORAA"", ""ITAA""]"
779,779,SUBLARGE,2024-09-18,active,"[""KORAA"", ""GRCAA"", ""KORAA"", ""MEX25""]"
780,780,SUBSMALL,2023-05-27,active,"[""KORAA"", ""ITAA"", ""GRCAA"", ""GRCAA""]"
781,781,SUBMEDIUM,2023-09-24,active,"[""ITAA"", ""KORAA"", ""ITAA"", ""GRCAA""]"
782,782,SUBMEDIUM,2023-11-23,active,"[""ITAA"", ""ITAA"", ""IDN25"", ""ITAA""]"
783,783,SUBSMALL,2024-05-21,active,"[""KORAA"", ""GRCAA"", ""GRCAA"", ""GRCAA""]"
784,784,SUBMEDIUM,2025-01-16,active,"[""TWN25"", ""CZE25"", ""IDN25"", ""MEX25""]"
785,785,SUBSMALL,2024-09-18,active,"[""ITAA"", ""CZE25"", ""ITAA"", ""ITAA""]"
786,786,SUBLARGE,2024-09-18,active,"[""KORAA"", ""KORAA"", ""GRCAA"", ""GRCAA""]"
787,787,SUBMEDIUM,2025-03-17,active,"[""TWN25"", ""CZE25"", ""IDN25"", ""MEX25""]"
788,788,SUBSMALL,2025-02-15,active,"[""TWN25"", ""CZE25"", ""IDN25"", ""MEX25""]"
789,789,SUBMEDIUM,2023-11-23,active,"[""ITAA"", ""GRCAA"", ""KORAA"", ""MEX25""]"
790,790,SUBMEDIUM,2023-06-26,active,"[""GRCAA"", ""GRCAA"", ""IDN25"", ""GRCAA""]"
791,791,SUBMEDIUM,2024-06-20,active,"[""TWN25"", ""GRCAA"", ""KORAA"", ""KORAA""]"
792,792,SUBLARGE,2023-10-24,active,"[""TWN25"", ""CZE25"", ""IDN25"", ""MEX25""]"
793,793,SUBLARGE,2024-05-21,active,"[""ITAA"", ""KORAA"", ""ITAA"", ""GRCAA""]"
794,794,SUBLARGE,2024-04-21,active,"[""ITAA"", ""CZE25"", ""IDN25"", ""KORAA""]"
795,795,SUBMEDIUM,2025-01-16,active,"[""TWN25"", ""CZE25"", ""IDN25"", ""MEX25""]"
796,796,SUBLARGE,2023-06-26,active,"[""TWN25"", ""CZE25"", ""IDN25"", ""MEX25""]"
797,797,SUBSMALL,2024-12-17,active,"[""TWN25"", ""ITAA"", ""IDN25"", ""GRCAA""]"
798,798,SUBMEDIUM,2025-03-17,active,"[""KORAA"", ""KORAA"", ""KORAA"", ""MEX25""]"
799,799,SUBLARGE,2024-08-19,active,"[""GRCAA"", ""KORAA"", ""KORAA"", ""KORAA""]"
800,800,SUBMEDIUM,2024-05-21,active,"[""TWN25"", ""ITAA"", ""KORAA"", ""ITAA""]"
801,801,SUBMEDIUM,2024-08-19,active,"[""TWN25"", ""GRCAA"", ""KORAA"", ""KORAA""]"
802,802,SUBMEDIUM,2024-01-22,active,"[""TWN25"", ""CZE25"", ""IDN25"", ""MEX25""]"
803,803,SUBMEDIUM,2023-05-27,active,"[""KORAA"", ""KORAA"", ""IDN25"", ""MEX25""]"
804,804,SUBMEDIUM,2025-03-17,active,"[""TWN25"", ""ITAA"", ""ITAA"", ""KORAA""]"
805,805,SUBMEDIUM,2023-06-26,active,"[""GRCAA"", ""GRCAA"", ""KORAA"", ""MEX25""]"
806,806,SUBMEDIUM,2024-06-20,active,"[""TWN25"", ""CZE25"", ""IDN25"", ""MEX25""]"
807,807,SUBMEDIUM,2025-02-15,active,"[""TWN25"", ""CZE25"", ""IDN25"", ""MEX25""]"
808,808,SUBSMALL,2024-01-22,active,"[""TWN25"", ""CZE25"", ""IDN25"", ""MEX25""]"
809,809,SUBSMALL,2025-02-15,active,"[""TWN25"", ""CZE25"", ""IDN25"", ""MEX25""]"
810,810,SUBMEDIUM,2024-02-21,active,"[""TWN25"", ""CZE25"", ""IDN25"", ""MEX25""]"
811,811,SUBSMALL,2024-08-19,active,"[""GRCAA"", ""GRCAA"", ""IDN25"", ""GRCAA""]"
812,812,SUBSMALL,2025-02-15,active,"[""TWN25"", ""CZE25"", ""IDN25"", ""MEX25""]"
813,813,SUBMEDIUM,2024-02-21,active,"[""KORAA"", ""ITAA"", ""ITAA"", ""MEX25""]"
814,814,SUBSMALL,2023-08-25,active,"[""TWN25"", ""CZE25"", ""IDN25"", ""MEX25""]"
815,815,SUBMEDIUM,2023-09-24,active,"[""TWN25"", ""CZE25"", ""IDN25"", ""MEX25""]"
816,816,SUBLARGE,2024-05-21,active,"[""TWN25"", ""ITAA"", ""IDN25"", ""ITAA""]"
817,817,SUBSMALL,2024-02-21,active,"[""TWN25"", ""CZE25"", ""IDN25"", ""MEX25""]"
818,818,SUBSMALL,2025-04-16,active,"[""KORAA"", ""ITAA"", ""ITAA"", ""ITAA""]"
819,819,SUBSMALL,2025-03-17,active,"[""GRCAA"", ""KORAA"", ""KORAA"", ""KORAA""]"
820,820,SUBLARGE,2024-09-18,active,"[""TWN25"", ""CZE25"", ""IDN25"", ""MEX25""]"
821,821,SUBSMALL,2023-10-24,active,"[""KORAA"", ""ITAA"", ""KORAA"", ""ITAA""]"
822,822,SUBMEDIUM,2024-09-18,active,"[""GRCAA"", ""KORAA"", ""KORAA"", ""KORAA""]"
823,823,SUBSMALL,2024-01-22,active,"[""TWN25"", ""CZE25"", ""IDN25"", ""MEX25""]"
824,824,SUBMEDIUM,2024-03-22,active,"[""ITAA"", ""ITAA"", ""KORAA"", ""ITAA""]"
825,825,SUBMEDIUM,2023-09-24,active,"[""TWN25"", ""CZE25"", ""IDN25"", ""MEX25""]"
826,826,SUBLARGE,2024-03-22,active,"[""ITAA"", ""CZE25"", ""ITAA"", ""GRCAA""]"
827,827,SUBMEDIUM,2023-10-24,active,"[""TWN25"", ""CZE25"", ""IDN25"", ""MEX25""]"
828,828,SUBLARGE,2024-03-22,active,"[""GRCAA"", ""KORAA"", ""IDN25"", ""MEX25""]"
829,829,SUBSMALL,2023-12-23,active,"[""KORAA"", ""CZE25"", ""GRCAA"", ""MEX25""]"
830,830,SUBMEDIUM,2024-03-22,active,"[""TWN25"", ""CZE25"", ""IDN25"", ""MEX25""]"
831,831,SUBMEDIUM,2025-02-15,active,"[""TWN25"", ""CZE25"", ""IDN25"", ""MEX25""]"
832,832,SUBSMALL,2024-03-22,active,"[""KORAA"", ""CZE25"", ""GRCAA"", ""ITAA""]"
833,833,SUBLARGE,2024-09-18,active,"[""TWN25"", ""CZE25"", ""IDN25"", ""MEX25""]"
834,834,SUBLARGE,2024-03-22,active,"[""TWN25"", ""CZE25"", ""IDN25"", ""MEX25""]"
835,835,SUBSMALL,2023-05-27,active,"[""TWN25"", ""CZE25"", ""IDN25"", ""MEX25""]"
836,836,SUBSMALL,2023-06-26,active,"[""GRCAA"", ""CZE25"", ""KORAA"", ""MEX25""]"
837,837,SUBSMALL,2024-05-21,active,"[""ITAA"", ""ITAA"", ""GRCAA"", ""KORAA""]"
838,838,SUBLARGE,2023-08-25,active,"[""TWN25"", ""GRCAA"", ""GRCAA"", ""MEX25""]"
839,839,SUBMEDIUM,2025-04-16,active,"[""TWN25"", ""CZE25"", ""IDN25"", ""MEX25""]"
840,840,SUBMEDIUM,2024-08-19,active,"[""TWN25"", ""CZE25"", ""IDN25"", ""MEX25""]"
841,841,SUBLARGE,2025-01-16,active,"[""TWN25"", ""CZE25"", ""IDN25"", ""MEX25""]"
842,842,SUBLARGE,2025-03-17,active,"[""TWN25"", ""CZE25"", ""IDN25"", ""MEX25""]"
843,843,SUBLARGE,2025-04-16,active,"[""TWN25"", ""CZE25"", ""IDN25"", ""MEX25""]"
844,844,SUBSMALL,2023-06-26,active,"[""TWN25"", ""CZE25"", ""IDN25"", ""MEX25""]"
845,845,SUBMEDIUM,2024-05-21,active,"[""KORAA"", ""GRCAA"", ""KORAA"", ""ITAA""]"
846,846,SUBSMALL,2023-10-24,active,"[""KORAA"", ""GRCAA"", ""IDN25"", ""KORAA""]"
847,847,SUBMEDIUM,2023-10-24,active,"[""KORAA"", ""GRCAA"", ""IDN25"", ""MEX25""]"
848,848,SUBMEDIUM,2023-06-26,active,"[""TWN25"", ""CZE25"", ""IDN25"", ""MEX25""]"
849,849,SUBMEDIUM,2025-01-16,active,"[""KORAA"", ""GRCAA"", ""IDN25"", ""ITAA""]"
850,850,SUBMEDIUM,2025-03-17,active,"[""GRCAA"", ""KORAA"", ""ITAA"", ""ITAA""]"
851,851,SUBLARGE,2024-09-18,active,"[""TWN25"", ""CZE25"", ""IDN25"", ""MEX25""]"
852,852,SUBMEDIUM,2024-11-17,active,"[""TWN25"", ""CZE25"", ""IDN25"", ""MEX25""]"
853,853,SUBLARGE,2023-11-23,active,"[""TWN25"", ""CZE25"", ""GRCAA"", ""KORAA""]"
854,854,SUBSMALL,2024-09-18,active,"[""TWN25"", ""CZE25"", ""IDN25"", ""MEX25""]"
855,855,SUBSMALL,2024-07-20,active,"[""TWN25"", ""CZE25"", ""IDN25"", ""MEX25""]"
856,856,SUBMEDIUM,2024-09-18,active,"[""KORAA"", ""ITAA"", ""GRCAA"", ""MEX25""]"
857,857,SUBMEDIUM,2023-12-23,active,"[""TWN25"", ""CZE25"", ""KORAA"", ""MEX25""]"
858,858,SUBSMALL,2024-09-18,active,"[""TWN25"", ""CZE25"", ""IDN25"", ""MEX25""]"
859,859,SUBSMALL,2025-04-16,active,"[""KORAA"", ""ITAA"", ""IDN25"", ""MEX25""]"
860,860,SUBMEDIUM,2024-07-20,active,"[""TWN25"", ""CZE25"", ""IDN25"", ""MEX25""]"
861,861,SUBSMALL,2024-08-19,active,"[""TWN25"", ""CZE25"", ""IDN25"", ""MEX25""]"
862,862,SUBMEDIUM,2024-12-17,active,"[""TWN25"", ""CZE25"", ""IDN25"", ""GRCAA""]"
863,863,SUBMEDIUM,2024-10-18,active,"[""TWN25"", ""CZE25"", ""IDN25"", ""MEX25""]"
864,864,SUBMEDIUM,2024-10-18,active,"[""TWN25"", ""CZE25"", ""IDN25"", ""MEX25""]"
865,865,SUBMEDIUM,2024-06-20,active,"[""TWN25"", ""CZE25"", ""IDN25"", ""MEX25""]"
866,866,SUBSMALL,2024-06-20,active,"[""TWN25"", ""CZE25"", ""IDN25"", ""MEX25""]"
867,867,SUBSMALL,2024-03-22,active,"[""TWN25"", ""CZE25"", ""IDN25"", ""MEX25""]"
868,868,SUBSMALL,2024-09-18,active,"[""TWN25"", ""CZE25"", ""IDN25"", ""MEX25""]"
869,869,SUBMEDIUM,2024-05-21,active,"[""GRCAA"", ""GRCAA"", ""IDN25"", ""MEX25""]"
870,870,SUBSMALL,2024-01-22,active,"[""TWN25"", ""CZE25"", ""IDN25"", ""MEX25""]"
871,871,SUBSMALL,2024-10-18,active,"[""TWN25"", ""CZE25"", ""IDN25"", ""MEX25""]"
872,872,SUBLARGE,2024-12-17,active,"[""GRCAA"", ""CZE25"", ""ITAA"", ""KORAA""]"
873,873,SUBSMALL,2024-04-21,active,"[""ITAA"", ""ITAA"", ""IDN25"", ""ITAA""]"
874,874,SUBLARGE,2023-11-23,active,"[""TWN25"", ""CZE25"", ""IDN25"", ""MEX25""]"
875,875,SUBSMALL,2025-04-16,active,"[""TWN25"", ""CZE25"", ""IDN25"", ""MEX25""]"
876,876,SUBMEDIUM,2023-11-23,active,"[""TWN25"", ""ITAA"", ""ITAA"", ""GRCAA""]"
877,877,SUBMEDIUM,2023-12-23,active,"[""TWN25"", ""GRCAA"", ""KORAA"", ""ITAA""]"
878,878,SUBMEDIUM,2024-10-18,active,"[""KORAA"", ""ITAA"", ""IDN25"", ""MEX25""]"
879,879,SUBMEDIUM,2023-10-24,active,"[""TWN25"", ""CZE25"", ""IDN25"", ""MEX25""]"
880,880,SUBMEDIUM,2024-07-20,active,"[""KORAA"", ""KORAA"", ""ITAA"", ""KORAA""]"
881,881,SUBSMALL,2024-10-18,active,"[""TWN25"", ""CZE25"", ""IDN25"", ""MEX25""]"
882,882,SUBLARGE,2023-09-24,active,"[""KORAA"", ""ITAA"", ""IDN25"", ""KORAA""]"
883,883,SUBMEDIUM,2025-02-15,active,"[""GRCAA"", ""KORAA"", ""GRCAA"", ""KORAA""]"
884,884,SUBSMALL,2024-05-21,active,"[""TWN25"", ""CZE25"", ""IDN25"", ""MEX25""]"
885,885,SUBSMALL,2025-04-16,active,"[""TWN25"", ""CZE25"", ""IDN25"", ""MEX25""]"
886,886,SUBSMALL,2024-02-21,active,"[""TWN25"", ""CZE25"", ""IDN25"", ""MEX25""]"
887,887,SUBSMALL,2023-08-25,active,"[""KORAA"", ""CZE25"", ""ITAA"", ""ITAA""]"
888,888,SUBMEDIUM,2023-05-27,active,"[""TWN25"", ""KORAA"", ""GRCAA"", ""MEX25""]"
889,889,SUBMEDIUM,2023-11-23,active,"[""GRCAA"", ""ITAA"", ""IDN25"", ""ITAA""]"
890,890,SUBMEDIUM,2024-11-17,active,"[""KORAA"", ""KORAA"", ""GRCAA"", ""GRCAA""]"
891,891,SUBMEDIUM,2025-02-15,active,"[""ITAA"", ""GRCAA"", ""GRCAA"", ""ITAA""]"
892,892,SUBMEDIUM,2023-06-26,active,"[""TWN25"", ""CZE25"", ""IDN25"", ""MEX25""]"
893,893,SUBSMALL,2024-01-22,active,"[""TWN25"", ""CZE25"", ""IDN25"", ""MEX25""]"
894,894,SUBSMALL,2023-07-26,active,"[""TWN25"", ""CZE25"", ""IDN25"", ""MEX25""]"
895,895,SUBMEDIUM,2025-04-16,active,"[""GRCAA"", ""ITAA"", ""KORAA"", ""GRCAA""]"
896,896,SUBSMALL,2024-10-18,active,"[""GRCAA"", ""CZE25"", ""GRCAA"", ""MEX25""]"
897,897,SUBSMALL,2023-09-24,active,"[""ITAA"", ""CZE25"", ""KORAA"", ""GRCAA""]"
898,898,SUBMEDIUM,2025-02-15,active,"[""ITAA"", ""ITAA"", ""ITAA"", ""ITAA""]"
899,899,SUBMEDIUM,2023-12-23,active,"[""TWN25"", ""CZE25"", ""IDN25"", ""MEX25""]"
900,900,SUBSMALL,2024-12-17,active,"[""TWN25"", ""CZE25"", ""IDN25"", ""MEX25""]"
901,901,SUBMEDIUM,2024-01-22,active,"[""TWN25"", ""CZE25"", ""IDN25"", ""MEX25""]"
902,902,SUBSMALL,2024-05-21,active,"[""KORAA"", ""CZE25"", ""ITAA"", ""GRCAA""]"
903,903,SUBSMALL,2023-11-23,active,"[""TWN25"", ""KORAA"", ""GRCAA"", ""GRCAA""]"
904,904,SUBMEDIUM,2024-06-20,active,"[""TWN25"", ""CZE25"", ""IDN25"", ""MEX25""]"
905,905,SUBSMALL,2024-03-22,active,"[""TWN25"", ""CZE25"", ""IDN25"", ""MEX25""]"
906,906,SUBSMALL,2024-07-20,active,"[""TWN25"", ""CZE25"", ""IDN25"", ""MEX25""]"
907,907,SUBMEDIUM,2024-11-17,active,"[""TWN25"", ""CZE25"", ""IDN25"", ""MEX25""]"
908,908,SUBMEDIUM,2024-02-21,active,"[""TWN25"", ""CZE25"", ""IDN25"", ""MEX25""]"
909,909,SUBMEDIUM,2024-07-20,active,"[""TWN25"", ""KORAA"", ""IDN25"", ""MEX25""]"
910,910,SUBLARGE,2024-12-17,active,"[""TWN25"", ""CZE25"", ""IDN25"", ""MEX25""]"
911,911,SUBMEDIUM,2024-11-17,active,"[""TWN25"", ""CZE25"", ""IDN25"", ""MEX25""]"
912,912,SUBMEDIUM,2024-08-19,active,"[""TWN25"", ""CZE25"", ""IDN25"", ""ITAA""]"
913,913,SUBLARGE,2023-09-24,active,"[""TWN25"", ""CZE25"", ""GRCAA"", ""GRCAA""]"
914,914,SUBMEDIUM,2024-12-17,active,"[""TWN25"", ""CZE25"", ""IDN25"", ""MEX25""]"
915,915,SUBSMALL,2023-12-23,active,"[""TWN25"", ""CZE25"", ""IDN25"", ""MEX25""]"
916,916,SUBMEDIUM,2024-04-21,active,"[""TWN25"", ""CZE25"", ""IDN25"", ""MEX25""]"
917,917,SUBMEDIUM,2023-06-26,active,"[""TWN25"", ""CZE25"", ""IDN25"", ""MEX25""]"
918,918,SUBMEDIUM,2024-07-20,active,"[""KORAA"", ""GRCAA"", ""IDN25"", ""ITAA""]"
919,919,SUBSMALL,2023-08-25,active,"[""KORAA"", ""ITAA"", ""GRCAA"", ""MEX25""]"
920,920,SUBLARGE,2024-10-18,active,"[""GRCAA"", ""ITAA"", ""IDN25"", ""GRCAA""]"
921,921,SUBMEDIUM,2025-02-15,active,"[""TWN25"", ""CZE25"", ""IDN25"", ""MEX25""]"
922,922,SUBSMALL,2025-03-17,active,"[""ITAA"", ""GRCAA"", ""ITAA"", ""MEX25""]"
923,923,SUBLARGE,2023-11-23,active,"[""GRCAA"", ""KORAA"", ""IDN25"", ""GRCAA""]"
924,924,SUBMEDIUM,2024-12-17,active,"[""ITAA"", ""CZE25"", ""GRCAA"", ""GRCAA""]"
925,925,SUBLARGE,2024-12-17,active,"[""GRCAA"", ""KORAA"", ""ITAA"", ""ITAA""]"
926,926,SUBLARGE,2023-08-25,active,"[""TWN25"", ""CZE25"", ""IDN25"", ""MEX25""]"
927,927,SUBMEDIUM,2023-07-26,active,"[""TWN25"", ""ITAA"", ""GRCAA"", ""KORAA""]"
928,928,SUBSMALL,2024-06-20,active,"[""ITAA"", ""GRCAA"", ""IDN25"", ""MEX25""]"
929,929,SUBMEDIUM,2024-08-19,active,"[""TWN25"", ""CZE25"", ""IDN25"", ""MEX25""]"
930,930,SUBLARGE,2024-05-21,active,"[""TWN25"", ""CZE25"", ""IDN25"", ""MEX25""]"
931,931,SUBLARGE,2023-10-24,active,"[""ITAA"", ""KORAA"", ""GRCAA"", ""GRCAA""]"
932,932,SUBMEDIUM,2024-11-17,active,"[""ITAA"", ""ITAA"", ""KORAA"", ""GRCAA""]"
933,933,SUBSMALL,2025-04-16,active,"[""TWN25"", ""CZE25"", ""IDN25"", ""MEX25""]"
934,934,SUBMEDIUM,2023-06-26,active,"[""TWN25"", ""CZE25"", ""IDN25"", ""MEX25""]"
935,935,SUBMEDIUM,2024-06-20,active,"[""GRCAA"", ""CZE25"", ""ITAA"", ""KORAA""]"
936,936,SUBMEDIUM,2023-08-25,active,"[""KORAA"", ""ITAA"", ""KORAA"", ""GRCAA""]"
937,937,SUBMEDIUM,2024-02-21,active,"[""GRCAA"", ""ITAA"", ""IDN25"", ""ITAA""]"
938,938,SUBSMALL,2024-08-19,active,"[""TWN25"", ""CZE25"", ""IDN25"", ""MEX25""]"
939,939,SUBSMALL,2024-04-21,active,"[""TWN25"", ""CZE25"", ""IDN25"", ""MEX25""]"
940,940,SUBMEDIUM,2023-12-23,active,"[""TWN25"", ""GRCAA"", ""GRCAA"", ""ITAA""]"
941,941,SUBSMALL,2025-02-15,active,"[""TWN25"", ""CZE25"", ""IDN25"", ""MEX25""]"
942,942,SUBMEDIUM,2024-04-21,active,"[""TWN25"", ""CZE25"", ""IDN25"", ""MEX25""]"
943,943,SUBLARGE,2023-06-26,active,"[""TWN25"", ""CZE25"", ""IDN25"", ""MEX25""]"
944,944,SUBSMALL,2023-07-26,active,"[""TWN25"", ""CZE25"", ""IDN25"", ""MEX25""]"
945,945,SUBMEDIUM,2024-06-20,active,"[""ITAA"", ""KORAA"", ""KORAA"", ""KORAA""]"
946,946,SUBMEDIUM,2023-08-25,active,"[""GRCAA"", ""GRCAA"", ""KORAA"", ""MEX25""]"
947,947,SUBSMALL,2023-05-27,active,"[""KORAA"", ""CZE25"", ""KORAA"", ""ITAA""]"
948,948,SUBLARGE,2023-11-23,active,"[""GRCAA"", ""KORAA"", ""IDN25"", ""GRCAA""]"
949,949,SUBSMALL,2024-10-18,active,"[""ITAA"", ""CZE25"", ""GRCAA"", ""MEX25""]"
950,950,SUBMEDIUM,2024-02-21,active,"[""TWN25"", ""CZE25"", ""IDN25"", ""MEX25""]"
951,951,SUBSMALL,2024-09-18,active,"[""GRCAA"", ""CZE25"", ""GRCAA"", ""GRCAA""]"
952,952,SUBMEDIUM,2025-04-16,active,"[""TWN25"", ""CZE25"", ""IDN25"", ""MEX25""]"
953,953,SUBMEDIUM,2025-03-17,active,"[""TWN25"", ""CZE25"", ""IDN25"", ""MEX25""]"
954,954,SUBSMALL,2023-06-26,active,"[""TWN25"", ""CZE25"", ""IDN25"", ""MEX25""]"
955,955,SUBMEDIUM,2024-03-22,active,"[""TWN25"", ""CZE25"", ""IDN25"", ""MEX25""]"
956,956,SUBSMALL,2025-01-16,active,"[""TWN25"", ""CZE25"", ""IDN25"", ""MEX25""]"
957,957,SUBMEDIUM,2024-11-17,active,"[""TWN25"", ""CZE25"", ""IDN25"", ""MEX25""]"
958,958,SUBSMALL,2024-09-18,active,"[""TWN25"", ""CZE25"", ""IDN25"", ""MEX25""]"
959,959,SUBSMALL,2024-04-21,active,"[""TWN25"", ""GRCAA"", ""KORAA"", ""MEX25""]"
960,960,SUBLARGE,2024-11-17,active,"[""TWN25"", ""CZE25"", ""IDN25"", ""MEX25""]"
961,961,SUBSMALL,2024-09-18,active,"[""TWN25"", ""ITAA"", ""KORAA"", ""KORAA""]"
962,962,SUBSMALL,2024-11-17,active,"[""GRCAA"", ""KORAA"", ""KORAA"", ""KORAA""]"
963,963,SUBMEDIUM,2024-02-21,active,"[""TWN25"", ""CZE25"", ""IDN25"", ""MEX25""]"
964,964,SUBSMALL,2025-03-17,active,"[""ITAA"", ""ITAA"", ""GRCAA"", ""ITAA""]"
965,965,SUBLARGE,2023-06-26,active,"[""ITAA"", ""KORAA"", ""IDN25"", ""ITAA""]"
966,966,SUBMEDIUM,2025-04-16,active,"[""TWN25"", ""CZE25"", ""IDN25"", ""MEX25""]"
967,967,SUBMEDIUM,2023-08-25,active,"[""TWN25"", ""CZE25"", ""IDN25"", ""MEX25""]"
968,968,SUBSMALL,2023-10-24,active,"[""TWN25"", ""ITAA"", ""IDN25"", ""MEX25""]"
969,969,SUBSMALL,2023-12-23,active,"[""ITAA"", ""ITAA"", ""GRCAA"", ""KORAA""]"
970,970,SUBMEDIUM,2025-01-16,active,"[""TWN25"", ""CZE25"", ""IDN25"", ""MEX25""]"
971,971,SUBMEDIUM,2023-09-24,active,"[""TWN25"", ""CZE25"", ""IDN25"", ""MEX25""]"
972,972,SUBMEDIUM,2023-11-23,active,"[""KORAA"", ""KORAA"", ""GRCAA"", ""KORAA""]"
973,973,SUBMEDIUM,2023-05-27,active,"[""TWN25"", ""CZE25"", ""IDN25"", ""MEX25""]"
974,974,SUBSMALL,2025-01-16,active,"[""TWN25"", ""ITAA"", ""ITAA"", ""GRCAA""]"
975,975,SUBSMALL,2023-06-26,active,"[""TWN25"", ""CZE25"", ""IDN25"", ""MEX25""]"
976,976,SUBSMALL,2025-03-17,active,"[""KORAA"", ""GRCAA"", ""KORAA"", ""ITAA""]"
977,977,SUBSMALL,2024-05-21,active,"[""TWN25"", ""CZE25"", ""IDN25"", ""MEX25""]"
978,978,SUBMEDIUM,2023-12-23,active,"[""TWN25"", ""CZE25"", ""IDN25"", ""MEX25""]"
979,979,SUBMEDIUM,2023-11-23,active,"[""TWN25"", ""CZE25"", ""IDN25"", ""MEX25""]"
980,980,SUBSMALL,2024-11-17,active,"[""TWN25"", ""CZE25"", ""IDN25"", ""MEX25""]"
981,981,SUBLARGE,2023-05-27,active,"[""KORAA"", ""GRCAA"", ""IDN25"", ""KORAA""]"
982,982,SUBSMALL,2024-06-20,active,"[""TWN25"", ""CZE25"", ""ITAA"", ""ITAA""]"
983,983,SUBMEDIUM,2025-03-17,active,"[""TWN25"", ""CZE25"", ""IDN25"", ""MEX25""]"
984,984,SUBSMALL,2025-01-16,active,"[""KORAA"", ""ITAA"", ""ITAA"", ""MEX25""]"
985,985,SUBMEDIUM,2024-11-17,active,"[""GRCAA"", ""GRCAA"", ""GRCAA"", ""ITAA""]"
986,986,SUBSMALL,2023-06-26,active,"[""KORAA"", ""CZE25"", ""IDN25"", ""GRCAA""]"
987,987,SUBMEDIUM,2023-05-27,active,"[""TWN25"", ""CZE25"", ""IDN25"", ""MEX25""]"
988,988,SUBMEDIUM,2024-02-21,active,"[""ITAA"", ""CZE25"", ""IDN25"", ""ITAA""]"
989,989,SUBMEDIUM,2025-04-16,active,"[""GRCAA"", ""GRCAA"", ""ITAA"", ""MEX25""]"
990,990,SUBMEDIUM,2024-08-19,active,"[""TWN25"", ""GRCAA"", ""ITAA"", ""ITAA""]"
991,991,SUBMEDIUM,2024-07-20,active,"[""TWN25"", ""CZE25"", ""IDN25"", ""MEX25""]"
992,992,SUBSMALL,2023-07-26,active,"[""GRCAA"", ""ITAA"", ""GRCAA"", ""GRCAA""]"
993,993,SUBMEDIUM,2024-02-21,active,"[""TWN25"", ""CZE25"", ""IDN25"", ""MEX25""]"
994,994,SUBSMALL,2024-03-22,active,"[""ITAA"", ""GRCAA"", ""IDN25"", ""GRCAA""]"
995,995,SUBLARGE,2024-04-21,active,"[""KORAA"", ""CZE25"", ""IDN25"", ""GRCAA""]"
996,996,SUBLARGE,2024-01-22,active,"[""TWN25"", ""CZE25"", ""KORAA"", ""ITAA""]"
997,997,SUBMEDIUM,2023-07-26,active,"[""TWN25"", ""GRCAA"", ""IDN25"", ""ITAA""]"
998,998,SUBMEDIUM,2025-03-17,active,"[""TWN25"", ""CZE25"", ""IDN25"", ""MEX25""]"
999,999,SUBMEDIUM,2024-09-18,active,"[""TWN25"", ""CZE25"", ""IDN25"", ""MEX25""]"
1000,1000,SUBMEDIUM,2023-11-23,active,"[""TWN25"", ""CZE25"", ""IDN25"", ""MEX25""]"
